Package name,Reviewer name,Review,Rating
com.strongware.stronglogs,David William,Purchased Subscription to have access to the over 20 advertised programs......there isn't any more programs than the 8 initial ones available. Just straight up lied to. I'll be cancelling subscription,1
com.strongware.stronglogs,Anshuman k.o.k,incredible but 2 month ka subscription rakho 420 ka,5
com.strongware.stronglogs,Lennart Nilsen,I can't add my own programs,1
com.strongware.stronglogs,Z A,amazing nothing like it! ❤️,5
com.strongware.stronglogs,Matthew Requejo,"This app is great. It has some good programs, it starts with a one rep max so the programs calculate working weights for you. I might go premium on it.",5
com.strongware.stronglogs,Feliciano Garcia,"Pretends to be free for a while and then asks for membership, DO NOT DOWNLOAD IF YOU DONT WANT PAY.",3
com.strongware.stronglogs,Duklide,"I use this everyday, I couldn't ask for a better strength training app than this. THANK YOU!!",5
