Package name,Reviewer name,Review,Rating
com.welzen.fasten,Patti Barnes,I have an Android and got a Woops when I tried to create an account. Very disappointing,1
com.welzen.fasten,Photis D. Mata,What happened? You changed servers and we cannot log in anymore...,1
com.welzen.fasten,John McDermott,Keeps coming up with a whoops an error have occurred please try again.,1
com.welzen.fasten,Ciprian Banita,I can not register. I'm using android,1
com.welzen.fasten,SilencedSaint,"Great app, must be technical issues some people are having to rate it so poorly, I can't think of any problems that I have personally had with it, I only have a small handful of apps that I actually download and this is one, I highly recommend it",5
com.welzen.fasten,iriz “ziril” legaspi,"App is good, can I request for additional features as auto calculator of calories burned based in BMI.",5
com.welzen.fasten,Alejandro Croce,"Needs some serious updating, but will potentially be the best fasting app out there one day. Once it remembers my measurement units, and it populates data across Welzen apps, it will be a 5 star for sure.",2
com.welzen.fasten,A Google user,Tech issues stopped my experience before I could start,2
com.welzen.fasten,A Google user,"Paid and logged in, but still can't access any premium features. I keep getting ""whoopsie"". Have emailed and received no answer...over a week now. So disappointed. Terrible customer service. Would like my $$ back.",1
com.welzen.fasten,A Google user,"On 2/10 I tried the three day trail my payment was setup for 2/13 but could not use the premium, so I cancelled the app the next day but check my card n they took the money on 2/12 plus I sent a email to the support team no answer before I cancelled I'm very pissed n now I'm trying to figure out how to get a refund 😤😤😤😠😠",1
com.welzen.fasten,A Google user,"I love it but I subscribed and nothing is unlocked, I tried uninstalling it and reinstalling it and it still doesn't work .. tried writing to them but couldn't find how",1
com.welzen.fasten,A Google user,I would give this 5 stars if I could actually use the premium features that I paid for. Ive submitted a ticket to ask them to fix the problem but no luck and it's been almost 3 weeks.,3
com.welzen.fasten,A Google user,"Paid for premium, but just get error. Notifications only sometimes work and had to restart my phone to get it to stop when it did",1
com.welzen.fasten,A Google user,"Can only give it one star as of right now. Tried to get the premium but keeps saying woopsie something went wrong yet when I check my subscription in Google play it says I have it. I can't use any of the premium things. If it gets resolved then I'll change my review. Would hate to have to delete it without giving it a try..... To update my review, in response to my review I have emailed y'all twice and have gotten no response. I'm not emailing you again. This app STINKS!",1
com.welzen.fasten,A Google user,I paid and got Whoops Something is wrong. Nothing unlocked. I tried to register on the support page which seems impossible. It says I am registered but I get no email and no password. There are no alternate contact details and no one realises there is an issue. No one contacts you back. This may not be a bad app. But the support is horrible.,1
com.welzen.fasten,A Google user,I'm unable to get premium features.. keeps saying oops! .. paid for subscription and not working! I have been trouble shooting this for a week,1
com.welzen.fasten,A Google user,"Tried twice to subscribe but kept saying ""WOOPSIE SOMETHING WENT WRONG"" although my google account was ready to charge the fee in 3 days and said the subscription was active. So i cancelled subscription an am looking elsewhere.",1
com.welzen.fasten,A Google user,I like the App. I mostly love the themes. It makes fasting a lil more enjoyable. However I dont like the idea of paying $9.99 and being forced to joing the other websites. I think $9.99 is pricey. I highly recommend having the option to join in on the other 2 apps if thats wanted. And if not then the user should be offered a very smaller rate to use just the fasting app itself. I often do extended fast and think its unfair that if one is not a premium user you can only do up to 23 hours.,2
com.welzen.fasten,A Google user,best fasting tracker. simple interface. easy to track my usual 16:8 intermittent fasting,5
com.welzen.fasten,A Google user,I cant even create an account. it keeps saying WOOPSIE SOMETHING WENT WRONG. uninstalling and will stick with app I already use.,1
com.welzen.fasten,A Google user,Almost the perfect fasting tracker app. Definitely the best I have tried. I use it everyday.,5
com.welzen.fasten,A Google user,it's an ok app. you won't enjoy it only if you get the paid version,2
com.welzen.fasten,A Google user,I really like this app and being able to edit fasts if you're forgetful like me and rarely remember to hit stop/start at the correct times. But please please fix the spelling of completed when I get my congratulations message at the end of a fast. Its driving me quite bonkers. Ta. X,5
com.welzen.fasten,A Google user,You must pay for the app to do trail version... Misleading and not stated,1
com.welzen.fasten,A Google user,Amazing app. Thank you for this app! easies and most sexiest way to track my intermittent fasting.,5
com.welzen.fasten,A Google user,limited to 5 days!,1
com.welzen.fasten,A Google user,"Would be better if there was an option for a 12 hour clock, so you could go back and change your fast start time. Sometimes I forget to click ""start fasting"" on time and realize after 20 mins I've been fasting.",3
com.welzen.fasten,A Google user,"Forgot my password and when I went to reset it, I was told it was reset, but still couldn't log into the apps.",1
com.welzen.fasten,A Google user,please enable a 12hrs clock i hate 24hrs clock.otherwise the app is cool,5
com.welzen.fasten,A Google user,"no, I do not want to create an account.",1
com.welzen.fasten,A Google user,This app is so pretty but I've had to uninstall and re-install 3 times because it keeps resetting my countdown timer!,2
com.welzen.fasten,A Google user,it won't allow you to go over 48 hours.,1
com.welzen.fasten,A Google user,everything is good and easy to use. love that you can adjust your fast times unlike some apps. only thing missing is the weight loss log/chart. then it would be perfect,4
