,Package name,Reviewer name,Rating,Review
0,com.openreply.pam,Shivani Chauhan,5,love pam app
1,com.openreply.pam,Achala M,5,good
2,com.openreply.pam,Alexander Écsi,5,free version great prize extra plan reasonable
3,com.openreply.pam,Lore Dana (Lorelin),5,amazing app organized useful thank
4,com.openreply.pam,Zahndra Butt,5,love app way start week stopped workout awhile id like start fresh work way harder workout
5,com.openreply.pam,He Kal,5,best
6,com.openreply.pam,Chris Olds,5,total angel lucky pamela reason lot happiness living life way created lived
7,com.openreply.pam,Music Evolution,5,love app perfect
8,com.openreply.pam,Ashley Harker,5,"app convenient favorite app thousand , twenty-two keep telling subscribe wont play storeim subscribed"
9,com.openreply.pam,Zun Kyaw,5,thanks alot creating app pamsending love myanmar
10,com.openreply.pam,Levandi,1,payed subscribtion order view recepcies book need additionally pay app good additional payment introduced include recepcies book subscribtion price delete app
11,com.openreply.pam,Rania Marweni,5,fav workout app
12,com.openreply.pam,LGln Ny,5,best workout app
13,com.openreply.pam,Pranita hazoari,4,good gaining strength
14,com.openreply.pam,Marina Ripley,4,app missing option change day workout rename day change calorie burned
15,com.openreply.pam,Ella Tarry,5,amazing app worth definitely invest premium version later life thing app help organise fitness keep track thank pamela reif rock
16,com.openreply.pam,Noria Dambrine Dusabireme,3,updated app spend min open im work take time open
17,com.openreply.pam,Yuuki CroXx,2,downloaded app letting mark workout assumed maybe feature available premium version purchasing say connect google play billing service app billing supported country im fron pakistan way able purchase
18,com.openreply.pam,Aru Dubey,5,amazing
19,com.openreply.pam,Sarah Bradley,2,workout plan dont update automatically week samsung sten select new workout plan current week plan week plan selected week ago love pamelas workout fix issue great
20,com.openreply.pam,Sophia Price,4,app world improvement great id love vegan alternative meal plan probably pay subscription right dont feel like there point paying subscription use meal plan provided time plan unfortunately thanks hard work go
21,com.openreply.pam,Ashwini Singh,1,useless app
22,com.openreply.pam,Renee Pucky,5,love app able select workout schedule weekly based levelwants love recipe section
23,com.openreply.pam,Joanne Borg,5,love app love pamela update weekly plan keep motivated update oneyear later love pam
24,com.openreply.pam,Leonie Dwinger,4,ich lieeeebe diese app ich mache ihre workout seit einem jahr und ich bin viel fiter geworden und mir geht e tat chlich auch seelisch besser seitdem ich mehr sport mache du kannst dir eigene pl ne erstellen und ich habe mir jetzt auch mittlerweile die pro version gekauft sehr fairer preis f r die guten rezepte nur sterne weil ich die video nicht der app ffnen kann oder sie total lange laden sonst perfekt
25,com.openreply.pam,Dania Ha,5,incredible app great structure provides free workout plan amazing recipe
26,com.openreply.pam,Liliya Burlakova,5,perfect fitness app pamela amazing
27,com.openreply.pam,Lalit Sachdeva,5,nice app amazing workout delicious recipe loved
28,com.openreply.pam,Brigi Brigitte,2,app isnt opening video error started week ago
29,com.openreply.pam,Chaa :D,4,glance love layout app clean app aesthetic term workout love pamelas workout challenging fun ive workout year youtube im stoked app tip mealsrecipes workout love planner update workout mixed nvm
30,com.openreply.pam,Sawera Samuel,5,love
31,com.openreply.pam,Ankita Devi,5,amazing best workout app till date
32,com.openreply.pam,Natasha M,5,great app living add feature show amount buy shopping list list functionality helpful workout fun food delicious personal plan function helpful
33,com.openreply.pam,Trinity Huggins,4,love formatting color adorable super user friendly favorite feature able video planner plan week
34,com.openreply.pam,Wiktoria Grzesiak,1,love stopped loading reciepies annoying
35,com.openreply.pam,Ishika Khajuria,5,excellent day facing issue app working soon open preface show app open work facing problem able access workout plan fix
36,com.openreply.pam,Jolly Beans,5,app fitness creator apps unchaotic ad use free program limited u stay app watch video crashing organized neatly confusing easy use perfect daily update interactive design fun feature
37,com.openreply.pam,Pam Shavonne,5,dont sell pamela fekears personal belonging
38,com.openreply.pam,Ashley V. Thomas,5,ive downloaded uninstalled fitness apps year pamela natcha oceane staple information workout routine pams app decided wanted schedule life video daily best simple app love custom update single week plan choose free ad bought subscription day
39,com.openreply.pam,Eva Akay,5,girl work hard best training video brilliant prepared work pamela result miss dont exercise sign wont disappointed
40,com.openreply.pam,Jiger Barot,5,facebook
41,com.openreply.pam,Rimsha Andotra24,5,love app
42,com.openreply.pam,Pukkaet,5,amazing app amazing person additional feature consider shopping list add need example wanted shop week fact live far city quantity shopping list adding recipe added thank lot love
43,com.openreply.pam,Pippa Harwood,5,app help alot keeping track workout youve
44,com.openreply.pam,Viola Bintang Pane,5,wonderful
45,com.openreply.pam,Zeynep Akbulut,5,totally love
46,com.openreply.pam,Anja O,5,great recipe app look greatsometimes app doesnt update workout day row worth
47,com.openreply.pam,Giulia M,4,app amazing especially customized workout plan use free version visualize detail recipe good thing thats disturbing functional medicine olistic article blog
48,com.openreply.pam,Darislava Slaveeva,5,dont like increlable app
49,com.openreply.pam,Kainat Adam,5,motivating
50,com.openreply.pam,Khatuna Rusieshvili,5,great app love
51,com.openreply.pam,Eatophilia,3,like permission required setting
52,com.openreply.pam,Ekaterina Tebenkova,4,app great comfortable use problem everyday workout updating example today tuesday show workout plan saturday uncomfortable plan workout hope issue fixed
53,com.openreply.pam,Beckie Loyer,5,absolutely love app pam amazing knowledge knowhow desire better world worth price
54,com.openreply.pam,sofia tenaz,4,great app got perfect body day pams workout year half perfect feel comfortable
55,com.openreply.pam,Madalina Andreea,4,function working properly major think cool option switch day workout plan example saturday today nice option switch maybe kind save favourite day list favorite combo choose free day
56,com.openreply.pam,MELISSA LOPEZ,5,easy use keep accountable workout love dont worry creating routine
57,com.openreply.pam,Khin Eaindra,5,love pam
58,com.openreply.pam,Асемай Ерболганова,5,
59,com.openreply.pam,Cynthia Hidayat,5,app fantasfic ull great recipe great workout menu schedule want love ur recipe n workout pam workout link youtube convinience
60,com.openreply.pam,GAURI MAVLE,5,ok pam better everthe option amazing best fitness app ll need time time update designed experience better super easy use aesthetically pleasing
61,com.openreply.pam,Mercynirmal fernandez,3,meal plan total disappointment single unlocked meal stare photo got ta free meal orelse free version useless watch video directly youtube
62,com.openreply.pam,Christina Marie,5,love app wish add thing shopping list added measurement number need
63,com.openreply.pam,ola qudah,5,amazing
64,com.openreply.pam,Negin F,5,perfecttttttt
65,com.openreply.pam,oumaima belfakir,5,love saved life
66,com.openreply.pam,sarah li,5,great app love pamela
67,com.openreply.pam,ÖZLEM KARAMAN,5,good exercise plan userfriendly nice design content love
68,com.openreply.pam,Arshiya Agarwal,5,extremely helpful
69,com.openreply.pam,Quyên Lê,5,thanks helpful workout
70,com.openreply.pam,Liulca Lena,5,coololool
71,com.openreply.pam,Michelle Lenora,5,bagus bgt dan efektif uda bulan pake workoutnya pamela dan work banget
72,com.openreply.pam,Andrea Serafín Sánchez,5,amazing
73,com.openreply.pam,Rashia Limbona,1,uninstalled tried best patient app long issue downloaded unresolved app take forever load
74,com.openreply.pam,Jekaterina Chirkova,1,month problem didnt solve update video work ok second video problem didnt want start tired tired wait
75,com.openreply.pam,Jamie Lee,5,absolutely love cheap use organise workout day bought purpose ended trying lot recepies liking deffinatley convinced buy cook book
76,com.openreply.pam,Courtney Young,5,favorite workout app far
77,com.openreply.pam,Shaima AL Najjar,1,there wrong app showing
78,com.openreply.pam,Miličko Moje,5,omg yes thank
79,com.openreply.pam,Archana Bhati,4,highly recommend waiting long
80,com.openreply.pam,Vero,4,der inhalt ist gut finde die app aber etwas bersichtlich und berladen
81,com.openreply.pam,Cristina Marian,3,app keep crashing video screen xiaomi mi android
82,com.openreply.pam,olenka tego typu,1,lmao
83,com.openreply.pam,Darya Naderahmadi,5,im love app great job pamela
84,com.openreply.pam,Janice1871,5,good app recommend
85,com.openreply.pam,Shadé Floquet,5,content app amazing nicely setting pamela constantly adding exciting receipt intense workout plan active despite pandemic happy community continue use app thousand twenty-two
86,com.openreply.pam,Mari Sa,5,love
87,com.openreply.pam,Margaret Sant,2,love pam app slow bummer want breakfast pams recipe wait minute app load wan na quick lunch workout app app take lunch weekly plan im saying thing designed amazing love content man slowest app ive slower dialup
88,com.openreply.pam,Melanie Wheeler,5,love love love app love pam literally need
89,com.openreply.pam,maw Win mdy,5,best app ive installedthank pamlove
90,com.openreply.pam,Aastha Singh,5,wowthis onest app sorted outamazing easily workout planned
91,com.openreply.pam,Claudia Rudschuck,2,die app war mal gut der buchcode loggt sich st ndig au mega nervig
92,com.openreply.pam,Yevai-Marie Musvosvi,5,love favorite application
93,com.openreply.pam,Prasoona gogula,5,app trendy sooooo aesthetic colour recipe app satisfying love app
94,com.openreply.pam,SomeStranger007,2,loved app came recipe perfect useful functionsbut load content app month server ive tried deletung reinstalling luck ultimately cancel subscription access content anymore im sad seeing stagram cool new feature recipe available
95,com.openreply.pam,Alice P,4,like application annoying problem example check workout try rest day go infinity loading page hop developer fix bug application useful
96,com.openreply.pam,Hannes Z,1,narcissistic disgusting stop playing people perception monetary gain
97,com.openreply.pam,Anuvarshini kannan,3,youre wonderful start pam app intuitive use beautiful look congrats new app edit excited newest update able check workout enjoy confetti realized premium feature truly respect believe paid checkmarks paywall disappointing im afraid app people pay
98,com.openreply.pam,Martyna Sikora,5,love
99,com.openreply.pam,Clara Marini,5,bug overall love fact tht stuff free
100,com.openreply.pam,Veronika Csémi,4,love app excited try new meal plan annoying thing adding ingredient shopping list open recipie scroll click button personally great add ingredient meal plan shopping list open list able need ingredient based quick inventory buy need
101,com.openreply.pam,Aubri Dunning,5,probably best fitness experience ive beat vshred pninetyx workout week month time pam turn fun engaging experience wont board ive following workout year ive seen muscle definition
102,com.openreply.pam,Fidan Gumbatova,5,good
103,com.openreply.pam,Ina Inn,4,workout changing
104,com.openreply.pam,Sarah C,2,workout plan section doesnt let choose workout option day love app workout plan dont variety advertised
105,com.openreply.pam,aarathi fbdc,5,lovely app pamelahats
106,com.openreply.pam,Azin Zargaran,5,fav app use recepie plan live iran maybe reason
107,com.openreply.pam,Koushiki Mitra,5,amazing
108,com.openreply.pam,Me lb,5,e muy linda la app tiene recetas comida saludable tambien tiene dise o muy atractivo
109,com.openreply.pam,Usha Nandhini,5,wow
110,com.openreply.pam,Kiara Rajwani,4,adore pam fitness industry im trying buy subscription app play store doesnt accept card tell buy subscription
111,com.openreply.pam,Suvidhi Jain,5,great appit get easy follow schedule brainstorming save lot time filter sort workout according need thanks pamela wonderful app hardwork
112,com.openreply.pam,Ashley Fernandez,1,love girl pam design app make phone slow try use multi window feature phone go black lock unlock phone phone work matter app im app installed wish work better
113,com.openreply.pam,Natalie Thomas,5,loooove app
114,com.openreply.pam,Kayze Kayze (Kaze),2,odd pay app push people business purchase order information like isnt purchase place bit harsh tbh helpful workout prefer use instagram table app
115,com.openreply.pam,Shannon Rudkavich,5,love pamela love app keep motivated
116,com.openreply.pam,Katarina Ćorović,5,app super cute pamel useful informative
117,com.openreply.pam,Benedetta Andreoli,2,issue youtube player video error occurred inizializing youtube player error connecting service
118,com.openreply.pam,Bawi love,2,annual subscription wasnt app canceled today realized charged monthly subscription dont know long charged monthly subscription dont think charged monthly annual subscription hope hear soon app okay havent pamelas workout recently complicated use nike training
119,com.openreply.pam,Josiah Long,5,love easy use benefit recipe workout planning helped organize opinion hiit hrt program ro supplement heavy lifting took stress arranging one away honestly ive learned pamela
120,com.openreply.pam,Clara Londono,5,great home workout cast tv high quality content recipe fitness great music excuse work easy use
121,com.openreply.pam,Nethania Ruth,5,love theme app adorable enjoyed workout recipe pam
122,com.openreply.pam,Hala al-jabari,5,
123,com.openreply.pam,Elizabeth Nováková,5,love
124,com.openreply.pam,Lena Simic,4,think better fair pause cancel subscription recepies paid stay unlocked great app
125,com.openreply.pam,Bhavya Trivedi,4,im willing switch premium user pam app want ask live india fourhrs n thirty min ahead german time premium user new workout day according indian time mean day start india new workout uploaded app accessible
126,com.openreply.pam,Sophia A,5,good app giving lot value thank pam
127,com.openreply.pam,Valeria Vladiuc,5,im premium user need happy like seriously payment
128,com.openreply.pam,Iryna Kotliar,5,wonderful app thank pam youre best
129,com.openreply.pam,Hananje Fourie,5,app totally amazing love food excercise note pam recommendation shopping list helpful shopping list added item needed shop dont recipe need
130,com.openreply.pam,Silvia Arriola,5,app great love im trying update plan show error region general update left review sent email morning app working thanks pam great service
131,com.openreply.pam,Mason Kendrik,5,cool love
132,com.openreply.pam,Ajitha S,5,super app love
133,com.openreply.pam,Sivaranjani Manikumar,5,excellent
134,com.openreply.pam,Isa Home,4,app great new update new workout week dont
135,com.openreply.pam,Francisca Vermeer,2,unable update workout plan lot content workout recipe requires paid subscription annoyed start hoping workout work update plan annoying
136,com.openreply.pam,Susan Araya,5,time app single day cooking recipe amazing working love planner simplicity year old son love pam doesnt adorable
137,com.openreply.pam,munjareen Saifi,5,overall excellent aap
138,com.openreply.pam,cc,5,
139,com.openreply.pam,janina 2311,5,love pam love pam app
140,com.openreply.pam,Maria-Alexandra Muntean,4,like suggestion great insert button checkbox workout feel great think thank actually implementing felt good buying app year stopped working know unfortunate confidence bit frustrating content load endlessly main frame visible reinstalling work o android google pixethreea
141,com.openreply.pam,Hatsumi Ishibashi,5,love lady thank motivation
142,com.openreply.pam,Sara Egan,2,play video workout starting second video loadingwhich hugely inconvenient switch youtube finish workout wouldnt recommend based
143,com.openreply.pam,Jyoti Ghosh,5,amazing app recommend
144,com.openreply.pam,Dorcas Ngheen,2,despite subscribed lot missing recipe doesnt reason realized missing remember pam showing ig search show connection error retry internet connection internet working completely fine hope get fixed soon
145,com.openreply.pam,Elena Bergamini,1,watch video app error occurred initializing youtube player problem persists update
146,com.openreply.pam,Ananya Roy,5,best app till date
147,com.openreply.pam,Audrey dan Nindya Happy Channel,5,like app easy use app like app thank pamela reif
148,com.openreply.pam,Tineke Thebes,1,workout supposed update week doesnt
149,com.openreply.pam,Megan Carmody,2,app great start past week app wont let refresh pick workout following week im picking workout know isnt bad like know picked section
150,com.openreply.pam,Miaca Belen,5,recommended
151,com.openreply.pam,Helena Bradbury,3,loved app havent able load workout plan week say resource exist tried uninstalling redownloading doesnt work anymore
152,com.openreply.pam,Nardine Saliba,5,love
153,com.openreply.pam,Sa'adia Jalolova,5,lovveeeeee
154,com.openreply.pam,Nandini shivmat,5,bestest workout app
155,com.openreply.pam,Kristina X,1,dont buy workout internet recipe unique expensive obvious thing
156,com.openreply.pam,Miriam Minho,5,yakes
157,com.openreply.pam,Anita Zvirinská,2,love app sadly recipe cookbook bought wont load havent day purchasing answering email dont know fix problem
158,com.openreply.pam,Thế Hoàng Nguyễn,4,love google fit integration
159,com.openreply.pam,Sabina Vavřičkova,4,like app think big app dont place phone update course pay like app thank pam working sixpack helped quarantine went healthy lifestylethree
160,com.openreply.pam,Hélène Hdt,4,work pam year enjoy app easy use fun good workout different level measure exercise point plan tracking modification like youre week validate create different plan cancelling week bit confused
161,com.openreply.pam,Payal Trivedi,5,keeping
162,com.openreply.pam,maryam safarpour,5,love
163,com.openreply.pam,Hannah Kershaw,5,love wish free pam vip nice highly recommend
164,com.openreply.pam,Sal Ma,5,love pam morocco
165,com.openreply.pam,Nidhi R,3,love recipe dont im unable premium weekly program paid onemonth subscription updated recepies unlocked workout
166,com.openreply.pam,Supanna In.,5,lovely apps
167,com.openreply.pam,Jennifer Chow,3,like recipe good tedious troublesome manually update weekly new workout wont change dont think worthy want track workout journey wont saved star workout plan refresh automatically week dont set
168,com.openreply.pam,Janar Nurkanova,5,user experience sort difficulty related connectivity stuff like use vpn great app
169,com.openreply.pam,Grace Wilson,5,love app amazing customizable handy easy use
170,com.openreply.pam,Christina Teuma,5,app downloaded paid expensive ingredient recipe complicated looove information recipe substitute ingredient absolutely live app anymore
171,com.openreply.pam,Hafizlyn Mas Hassan,5,helpful
172,com.openreply.pam,Zahra Alijoula,5,incredibly great love use video recipe maybe live iran unfortunately watching video use vpn wish living country wont face problem
173,com.openreply.pam,Jay Brooks,5,lifechanging app problem apply filter choosing certain workout say input parameter missing tried redownload app changed
174,com.openreply.pam,Jen Latorre,5,pam app amazing rating app cause give incredible motivation everyday workout sincerely grateful happy app invented im thankful talk use app worry cause easy use perfect rating
175,com.openreply.pam,Tenita,5,absolutely love pam workout
176,com.openreply.pam,Sabine Ebner,2,premium access doesnt work anymore changed phone reply email use atm great app yes im account google store im logged
177,com.openreply.pam,iffahooha,4,love app itd great calorie counter know consuming day recipe exercise burned workout track weight loss goal
178,com.openreply.pam,pham giang,5,love app love color love function love pam
179,com.openreply.pam,laura,5,pamela deine app ist einfach der hammer mach bitte weiter mir w rde sehr gefallen fall du die app eine sprachauswahl hinzuf gen k nntest w wundervoll diese selbst auszusuchen
180,com.openreply.pam,CINEMAYA STUDIOS,5,app amazing doesnt limited premium offer easy way shopping workout equipment dont know pamela reif workout meal scrumptios healthy workout intense different type plan set pam want set plan font neat clear helpful blog ad download amazing guy spoiler
181,com.openreply.pam,Veronika Szegle,5,definitely love app thank pamela start totally healthy lifestyle
182,com.openreply.pam,Marba Khongwar,3,access content paid subscriptionwhat
183,com.openreply.pam,Dorita Park,5,perfect pam
184,com.openreply.pam,Iana Chtro,3,enjoy app use workout longest time start bugging twenty-three workout video tried wifi data tried different daysi tried use month issue persists
185,com.openreply.pam,sabiha arif,5,
186,com.openreply.pam,Shahira Shaifulamri,5,love exercise
187,com.openreply.pam,Aude Grabas,4,nice design helpful workout plan nice track finished workout session day day deleted new session planned
188,com.openreply.pam,Magdalena Szmygin,2,feel like app great scheduling workout simply doesnt work phone isnt old definitely new think app wasnt tested older android device crash freeze phone overall make unusable want use app literally wont let tried installing different time end phone crashing
189,com.openreply.pam,Susannah Fernandes,5,amazing
190,com.openreply.pam,Monica van Aswegen,5,app free training program awesome paid version reasonably priced includes recipe blog
191,com.openreply.pam,Joanne Harris,2,great content bad connectivity take age load time
192,com.openreply.pam,Alixia Bovet,5,love app pam
193,com.openreply.pam,Glaiza patoc,5,app soo cute pamela rief especially fav person thousand nineteen workout helped alot challenge long journey love recommend app friend joke swear
194,com.openreply.pam,kirti gupta,3,writing feedback usage app month thought downloading paying subscription took monthly subscription inr detail recipe rarely ingredient detail workout filter show check internet connection point faced till point add later adore pamela putting lot effort world fit healthy workout use youtube instead
195,com.openreply.pam,Gia Gia,5,excellent
196,com.openreply.pam,sarthak khandelwal,5,awesome helpful app favourite pamela
197,com.openreply.pam,Joanna -O-,5,aesthetic beautifully job perfectly like update set reminder time work thing free user post blog separate page
198,com.openreply.pam,Salma Mohamed Awad,5,love app helped organise time like workout eat everyday thank creating app
199,com.openreply.pam,Gabriella,5,amazing app excellent experience mustshould definitely try worth thank pamela rief
200,com.openreply.pam,August Han,5,amazing
201,com.openreply.pam,Deandra Johnathan,5,love love love workout plan
202,com.openreply.pam,Georgiana Opris,5,use app workout work fine easy use intuitive pleasant look nice able mark workout doneonly premium membership available
203,com.openreply.pam,Sarita Shashikiran,5,amazing totally loooove pamela app total example hardwork determination
204,com.openreply.pam,abbie,5,pamela reif woman effort clearly everyday ig story shes hard working passionate thing shes love cheer success pam ily
205,com.openreply.pam,Nuria Gonzalez-Candia,4,looking feature common use case register measurementsphotosweight goal progress positive way app place accountable food workoutwise result love integrated star
206,com.openreply.pam,Amrita B,4,love app glitch app unable check recipe dish kindly advice resolve thanks lot advance
207,com.openreply.pam,maryam tizabi,5,ok
208,com.openreply.pam,Maria Alice,4,app crash close apart good
209,com.openreply.pam,Hana Petr,5,love
210,com.openreply.pam,Barbara K,4,app great pay service good workout youtube channel recipe easy internet tiktok information guide give internet free
211,com.openreply.pam,R,5,app make workout plan easier unlike separate playlist youtube recipe chef kiss lastly blog helpful workout hero pam inspire better eat better live fullest dont tired helping woman like life new meaning energy
212,com.openreply.pam,payal Mandhare,5,amazing app helpful
213,com.openreply.pam,Hope,5,came yt channel loving app pam work damn hard follower quality content genuinely show best absolutely free subscription reasonably priced affordable purchasing soon thanks wonderful app fitness inspo
214,com.openreply.pam,糞記憶舔狗屎讓我們遊戲貓,5,app wonderful wonderful awesome helped thanks pamela
215,com.openreply.pam,Jerlyn Giron,5,best
216,com.openreply.pam,Sumona Biswas,1,access recipe paid subscription
217,com.openreply.pam,Maya Maya,5,loveee pam helped lot achieve goal getting fit happy load love
218,com.openreply.pam,Layslla Souza,5,app perfect
219,com.openreply.pam,Nikol Nová,5,love
220,com.openreply.pam,sharvani nagaraj,5,nice app help fit healthy thats lacking day love pam love india
221,com.openreply.pam,Ashwini Sookharry,4,fave app far recipe idea workout
222,com.openreply.pam,Shifa Neyaz,5,amazing feature easy use recommendation comment section program reset week program interact love know thr samr program feeling
223,com.openreply.pam,Maria Bocai,5,thank pam work dedication app showinf love d like blog post
224,com.openreply.pam,Ryzel Angulo,5,wow
225,com.openreply.pam,Melokuhle Ngcamu,5,nice app
226,com.openreply.pam,Rossel J. Mana-ay,5,love app
227,com.openreply.pam,Rahul Meena,5,love
228,com.openreply.pam,Lameez Wakefield,5,premium worth price love recipe blog app easy use
229,com.openreply.pam,Gergana Ilieva,1,video work out play huawei kind error disappear
230,com.openreply.pam,Clara Güdelhoff,3,like app ill probably cancel subscription there option download video paid version internet isnt great there frustrating having video stop mid workout option download couple workout ill gladly paying star
231,com.openreply.pam,Lot Van Der Aa,3,love app totally amazing purchased subscription yesterday say unlock content google play say subscription annoying thinking deleting
232,com.openreply.pam,Prakash K,5,great app spending money
233,com.openreply.pam,Μαρια Παπαδοπουλου,4,good job recipe delicious workout help kill lot calorie muscle
234,com.openreply.pam,Mehar Kaur Matharu,1,great able access premium content paid whats going onnn
235,com.openreply.pam,Florie Mercado,5,awesome app fave fourmonths pamelas workout hope add feature like add workout plan sunday goal recording weight preference comparison picture moreeee thanks pam
236,com.openreply.pam,Eleni Xatzara,5,pamela team amazing job super thankful workoutsrecipesblogs place greek hug
237,com.openreply.pam,Vrushali S,4,bug app preventing accessing premiumpaid feature day money feel wasted
238,com.openreply.pam,Yogeek Melina,5,easy use gorgeous pic
239,com.openreply.pam,Sanja Tosheska,5,app working perfectly love couple day issue open withme general
240,com.openreply.pam,Shekinah Cano,5,love app bug
241,com.openreply.pam,Kimberly Pruszynski,5,excellent easy use glutesabsarmslegs great music love workout talk exercise thank pam
242,com.openreply.pam,Deborah B.,5,adore workours
243,com.openreply.pam,Lucie Matustikova,4,recommend nice app designed interesting material inspiration thing like recipe plan paid exceptable
244,com.openreply.pam,Shahd M.,5,app amazing pam amazing lot free version paid version way better perfect life saver changer actually
245,com.openreply.pam,Praya Jenkins,5,amazing app
246,com.openreply.pam,Kasturi Laygude,5,worth
247,com.openreply.pam,Niharika ck,5,thing fav app forever
248,com.openreply.pam,Lilian Calan,5,best app
249,com.openreply.pam,Laura Ximena Ramirez Garcia,4,new update nice experience
250,com.openreply.pam,Meryem El hajjab,5,parfect app
251,com.openreply.pam,KHUSHI MITTAL,5,
252,com.openreply.pam,Fariha Tazin,5,love app unpaid version working video clicking keep buffering youtube searching particular exercise overall m satisfied
253,com.openreply.pam,Gabriella Smith,4,decent app need tweak look little professional
254,com.openreply.pam,vicky lin,3,love app workout require membership plan dont want pay thought workout free click checkmark switch activity kept saying pay membership use feature
255,com.openreply.pam,Leila Mamedova,5,ara excellent pamloves georgia
256,com.openreply.pam,Shreya Choudhury,1,access content inspite paying subscription app support isnt helpful day waiting response cancellation expected better
257,com.openreply.pam,puffy bear,5,helpful weight loss journey
258,com.openreply.pam,Alexandra Palla,5,app month faced problem know week workout showing plan click plan message went wrong check internet connection try later hope issue resolved soon update work great right thank
259,com.openreply.pam,Mumal Swami,5,amazing app
260,com.openreply.pam,Utam koli,1,daily workout plan available show error
261,com.openreply.pam,Amber Lewis,4,app amazing unable pay premium version matter try keep showing error unable access minute workout plan unable delete account sign alternate email pay upsetting
262,com.openreply.pam,Kiani sisters,5,big fan workout useful help lose lot weight installed pam app helped lot thank great video recipe sister love channel thanks
263,com.openreply.pam,Christina Alex,1,app working try workout plan say resource doesnt exist unistalled app workout youtube directly
264,com.openreply.pam,Izzy Saunders,3,great app workout plan longer open
265,com.openreply.pam,Tola Ilori,2,access workout plan free version anymore
266,com.openreply.pam,Krisztina Miklós,4,app working fine far week having problem workout click workout plan try edit message saying went wrong requested resource exist hope sorted soon like having workout available having select plan
267,com.openreply.pam,Shivani S,2,little content thats free
268,com.openreply.pam,Priyanka Kumari,5,informative helpful
269,com.openreply.pam,Alina R,2,ive app day launched didnt pay subscription im interested workout plan dont work anymore regardless try access error say went wrong im bit disappointed new premium user recipe new feature sad ill uninstall app day workout plan unavailable useless
270,com.openreply.pam,Althea,5,app good free tge service good
271,com.openreply.pam,Zoe Foxley,1,click pop resource exist im guessing pay view stuff app disappointing basic feature packaged free version
272,com.openreply.pam,Sara Alenezi,5,amazing
273,com.openreply.pam,Laura Bettenhausen,5,worth pam best thing happened app getting better short love
274,com.openreply.pam,GUNITHA P,5,love app topic app soo organized create workout plan follow pams workout routinethere healthy food recipe app recipe clearly written recommend app thank pam
275,com.openreply.pam,zena alexander,3,good pam love workout love stuff unfair new update isnt catering free customer bad free recipe certain access blog stuff new update make sense paid user
276,com.openreply.pam,beamy d,2,alot video play app black screen spinning circle recipe porridge personally dont think watch ad video spent thirty easy access
277,com.openreply.pam,R. VS,5,love app far tried recipe delicious helpful possible screen workout app smart tv chrome cast
278,com.openreply.pam,VI Anaqin,5,hey pam sorry asking im new app clicked checkmark asked purchase app mean checkmarks purchased
279,com.openreply.pam,Joan Chen,5,updated app checkmarks click checkmark show join community checkmark function people purchased
280,com.openreply.pam,Shoumika Ganguli,2,update app doesnt latest day tuesday home screen showing thousand sweaty hang lot qnd take long time refresh
281,com.openreply.pam,KAE,5,love app thank pam helping achieve healthy lifestyle free
282,com.openreply.pam,Tingting Zhou,5,super easy use workout sooo great far best workout app ive free great job pam
283,com.openreply.pam,Laura Blum,5,love pam silent beautiful music sooo good
284,com.openreply.pam,karmela starcevic,5,love app make working soooo easier
285,com.openreply.pam,Meng Chen Feng,3,cool app appreciate buggy fixed checkmark work purchase subscription doesnt work
286,com.openreply.pam,Tina Tinche,5,workout plan check option amazing
287,com.openreply.pam,Dogukan Olgun,5,love app change review workout home page match chosen plan workout section edit guess push harder workout d
288,com.openreply.pam,Itti Mishra,5,love workout
289,com.openreply.pam,Ana Grujovska,5,edited access workout work fine like app
290,com.openreply.pam,Angela Williamson,5,love app
291,com.openreply.pam,Avery Webb,5,love app update watch video app love addition confetti checkmark make feel accomplished recipe quick easy delicious thank pamela
292,com.openreply.pam,Konkona,2,taken subscription tenth forty-fivemins weight sixtymins hardcore exercise availablethis disappointingplease help
293,com.openreply.pam,Vanessa Wu,1,load video
294,com.openreply.pam,Rina N,5,love recipe workout plan
295,com.openreply.pam,Alexandra Patrauta,5,love app easy use great feature helpful think having option casting video tv ex google chromecast easier follow bigger screen home
296,com.openreply.pam,Irma Sopic,5,great app ton amazing workout different level yummy recipe highly recommended
297,com.openreply.pam,N Q,5,okay officially best fitness app need set daily plan daily meal plan app doesnt look miserable there beginner advanced level workout mix dancing strength workout love mention amazing recipe mix match week run new breakfast lunch dinner idea love star pam
298,com.openreply.pam,Hanan Mariyam,5,love pamela workout routine good love
299,com.openreply.pam,Kermit TheFrog,1,stuff insta yt rest pay wall workout plan little organized designed spending money
300,com.openreply.pam,All YouTuber Fan's,5,like pam app
301,com.openreply.pam,Dana,5,best fitness app tried
302,com.openreply.pam,Pooja Parishar,5,change previous rating app play portrait mode video play love aesthetic
303,com.openreply.pam,Jennifer D,3,im able view ingredient step recipe paid app dissapointing fix bug
304,com.openreply.pam,Leona S,4,love having different workout plan week like having pt definitely bug video wont load app youtube
305,com.openreply.pam,Lea Husung,4,great tick workout completed
306,com.openreply.pam,Chloe Ng Sze Mun,5,variety weekly workout schedule recipesthis app got motivated blog pamela shared personal experience toothis app changed life
307,com.openreply.pam,Angela Rababy,5,pamela need ask u workout good app recommend
308,com.openreply.pam,Petra Omar,2,im premium version gmteight timezone annoying bug new workout isnt available app youtube started app say video private watch youtube video isnt youtube get available working hour germany im aheadno access app crash couple time workout time workout day main screen doesnt match actual workout plan
309,com.openreply.pam,Chesia Barresi,5,perfect love app
310,com.openreply.pam,Dhar Mann,5,amazing
311,com.openreply.pam,Ycmnxo,5,im love app
312,com.openreply.pam,Miranda,4,designed thing bit slow load wish free option
313,com.openreply.pam,N A,5,
314,com.openreply.pam,Irina Ionescu,2,designed aesthetically pleasing unfortunately ton bug lately workout wont load app crash midworkout frustrating workout match day plan paid premium access use recipe workout functionality pain
315,com.openreply.pam,Vidya Reddy,5,love love loveee video youtube app app good workout plan level thank sooo sharing free pamela love india
316,com.openreply.pam,Cecile Zongo,5,great app congratulation pamela
317,com.openreply.pam,Auguste,5,possible add grammiligram measurement oz recipe little challenging having calculate measurement
318,com.openreply.pam,jolly jolly,5,love pammmm
319,com.openreply.pam,Audrey Wilkins,5,best app donloaded period better come fittness healthy apps
320,com.openreply.pam,Ashleigh Millage,4,app new come hiccup workout home screen new stuff pam post lately showing wrong day day wrong day wonder app time zone way different today workout day ago closing reopening doesnt work app feedback glitch error use app everyday
321,com.openreply.pam,Yassmine Imene,5,pam app wow
322,com.openreply.pam,Nane,5,love
323,com.openreply.pam,Yeldana Baltabayeva (BOLTIIK),4,love pam app like meal keto recipe greate user add hisher familiar recipe meal meal plan
324,com.openreply.pam,Louise Lager,5,love app resourceful helpful
325,com.openreply.pam,Anne Oosthuizen,5,app make easy follow workout plan especially personally downloaded instagram weekly plan accessible app visually pleasing filled free content
326,com.openreply.pam,Cindy Gagnon,5,youve following pam instagram app simplify thing id like option check workout accomplished week
327,com.openreply.pam,A Google user,5,great meal workout plan love
328,com.openreply.pam,Gurdev judge,5,love app pam rock
329,com.openreply.pam,Ivo Parada,5,love pam
330,com.openreply.pam,hana m.h,5,besttttt
331,com.openreply.pam,Diana Terzieva,5,love app im strickly following workout plan im interested trying recipe trouble subscribingan error accures dont know cuz use card difficulty decided buy pams cook book app say purchased book dont recipe app like
332,com.openreply.pam,Nina Tanasic,5,extraordinary app
333,com.openreply.pam,Irene V,5,new update added cookbook tag helpful thank purchased deserve book directly app idea view access content recipe nutrition knowledge section app help
334,com.openreply.pam,Sara Bazzon,3,great app click workout video screen app crash phone restarts automatically think thats annoying
335,com.openreply.pam,Zuzanna Jadach,4,love app organised recipe delicious layout workout section new update absolutely amazing im love recipe arent clear explained think help picture way consistency food example oat crumble bite
336,com.openreply.pam,Easha Mahapatra,5,perfect app perfect lifestyle
337,com.openreply.pam,Tibeihaho Orient Taylor,5,baby gal thank u caring fan love u lot
338,com.openreply.pam,Nidhi Gupta,5,simply best
339,com.openreply.pam,nee ne,5,love pam workout
340,com.openreply.pam,Ruqayya Ahmad Alhassan,5,effective p fan year downloaded app recently im enjoying
341,com.openreply.pam,Magda Maziarz,5,app keep getting better better thank pam youre amazing
342,com.openreply.pam,talia hernandez,5,best exercise music smile motivates bought book love
343,com.openreply.pam,Dwayne Moffatt (TheMoffattMan),5,great
344,com.openreply.pam,Clare Cook,5,absolutely love app love work out receipes easy follow
345,com.openreply.pam,Imran Khan,5,pamela reif like angel
346,com.openreply.pam,Dasha Greben,1,didnt like necause evrything cost money wanted fav workout youtuber eats
347,com.openreply.pam,Samantha Nelson,5,love app brings thing love follow miss pamela convient app absolutely brilliant changed view health treating body temple year loved seeing positive physical progress ive challenging bubble butt day focusing helping achieve physical goal fantastic good work pam love
348,com.openreply.pam,Elena Iateniuc,5,excellent love pam
349,com.openreply.pam,Christopher Ivery-Olds,5,pam inspires better version truly
350,com.openreply.pam,Asanda Mtsha,5,best app subscription affordable definitely recommend
351,com.openreply.pam,Shriya Khedekar,4,id app amazing give lot customization workout recipe available subscription pretty affordable thing recipe particular available region world suggest pamela create sort section recipe according continental choice thats
352,com.openreply.pam,Shirish Murkute,5,amazing absolutely love
353,com.openreply.pam,Alyssa Ollek,5,absolutely love exactly needed routine
354,com.openreply.pam,mari barbakadze,5,great app help strong toned recruited simple use visually fascinating
355,com.openreply.pam,Melissa Vega,5,absolutely love
356,com.openreply.pam,Elmie Ostique,5,useful
357,com.openreply.pam,Ibtissem Moali,5,good app love
358,com.openreply.pam,Veronika Szabo,5,hi gave star tried app iphone feature amazing unfortunately galaxy seight app keep crashing ui start work difficult close running program close app go normal ive written email address given havent got answer help nice day
359,com.openreply.pam,Jola Wussow,5,totally love app subscription perfectly priced recipe amazing given workout schedule nice structured
360,com.openreply.pam,Angellys Judith Abrego Rodriguez,5,loved itt
361,com.openreply.pam,Naddine Bañares,5,im genuinely happy pamela changed life focus shifting health feel look think thats greatest achievement ive life
362,com.openreply.pam,Sarah Michie,5,best fitness app
363,com.openreply.pam,deema alsaeed,5,perfect helpful enjoy healthy lifestyle wonderful app thx pamela
364,com.openreply.pam,Chandralekha S K,5,nice app
365,com.openreply.pam,Diah Mahapadmi,5,lowkey fall love app helped thankyou pamela oh suggestion plan beginner intermediate advance knee friendly workout appraciated danke love
366,com.openreply.pam,Natalie Leng,5,
367,com.openreply.pam,Meherin Mou,5,like app
368,com.openreply.pam,maria m.,3,loved app new update unable open workout plan work normally try open workout plan thrown app receive message pam keep stopping close app send feedback
369,com.openreply.pam,diksha pasari,5,love
370,com.openreply.pam,Tianna Yu,5,pam truly inspirational motivating workout worked glad video seamlessly integrates exercise workout engages area want work dance video best there better exercising smile face
371,com.openreply.pam,Adelina M,5,awesome
372,com.openreply.pam,Gaelle Demuyt,5,love soo
373,com.openreply.pam,Nail Poljo,5,
374,com.openreply.pam,Carmen Hanley-Nickolls,5,looooove pam app getting better better
375,com.openreply.pam,Maria Kassouf,4,app amazing organizedbutunfortunately recent updatei reach workout plan app stopping glad healthier simplicity hoping issue solved
376,com.openreply.pam,uwu,2,update app crash use properly
377,com.openreply.pam,Jennie Night,4,great
378,com.openreply.pam,Terezka Janoch,2,hi app good support pam update new version new plan want open label workout plan stopped send messagethe app stopped tried time work
379,com.openreply.pam,Моника Кордова,3,app doesnt update latest version new workout planning feature free version limited recipe
380,com.openreply.pam,Carlotta van der Aa,4,love like pay ideal thats possible netherlands
381,com.openreply.pam,Andreea Valentina,4,love app lot thing dont like fact free plan lot porridge recipe lunchdinner recipe easier option breakfast doesnt like porridge use recipe provided workout
382,com.openreply.pam,Lovely Sano,5,u wan na ur best ur workout u definitely need pams thnx pam ur best
383,com.openreply.pam,I,5,love pam helped balance melas start working im grateful app
384,com.openreply.pam,Anushka khandelwal,2,select workout plan request pls check
385,com.openreply.pam,marwa bikai,4,love single app contains eveything fitness blogsrecipesworkouts design pretty perfection pam
386,com.openreply.pam,Namuun Namuka,5,love app needed love pamela reif sunshine
387,com.openreply.pam,Diana Tarcea,5,love app pams video workout program place good job
388,com.openreply.pam,Ana María,4,workout video load close app clear memory open time work overall great app love content thats issue moment
389,com.openreply.pam,Ritshilangaipfi Rambau,5,amazing
390,com.openreply.pam,Haze Haze,5,straight forward simple use love pams workout free
391,com.openreply.pam,Selvira D Ashari,5,thank pam
392,com.openreply.pam,Trinisha Lutchmiah,5,love pams workout app great user friendly soooooo pretty workout plan helpful effective feel like ive better workout pams workout plan home spending hour gym thank pam
393,com.openreply.pam,Dairyn VásAra,5,loved
394,com.openreply.pam,Tj Brown,5,great recipe love interactive shopping list looking forward seeing app develops
395,com.openreply.pam,Diana Fainoiu,5,yumm
396,com.openreply.pam,Abigail Allen,4,amazing app live use imperial measurment setting change metric imperial helpful wish ability change heat celsius fahrenheit love app recipe yummy healthy app easy navigate
397,com.openreply.pam,Alicna Duvenhage,5,im big fan shes amazing app make easier love pam
398,com.openreply.pam,Dian,5,elegant app like nice easy use recipe vegan
399,com.openreply.pam,cook with me,5,love
400,com.openreply.pam,Hana Golmaghani,5,love grafic design mint soft make feel workout eat healthy
401,com.openreply.pam,Omhle Ntsabo,5,plan
402,com.openreply.pam,Lusika,5,pamela reif
403,com.openreply.pam,Thraia Alde,5,great app
404,com.openreply.pam,Silvia Juliana Serrano Florez,5,pay premium service use different payment method say unknown billing issue thats
405,com.openreply.pam,Marvil Alejandra Talavera Hinojosa,5,amazing changed way feel im happier
406,com.openreply.pam,Raya Stoyanova,5,star little yo amazing app thank pamela changed life
407,com.openreply.pam,Adinda Nasyabila,5,love
408,com.openreply.pam,Tea Cecelja,5,amazing app lot recipe weekly update lot vegan option loving blog getting know healthier lifestyle issue app resolved swiftly congrats amazing app thank xx
409,com.openreply.pam,Aja Cavin,2,google playstore wont let purchase app credit available wont let use
410,com.openreply.pam,Pattamon P,4,thought pams meal plan updated week doesnt workout plan updated weekly need recipe recipe information clear like portion chocolate chip cooky piece cooky nutrient cooky piece portion good easy use app
411,com.openreply.pam,Emily A,5,im excited try app tell quality creating
412,com.openreply.pam,Jyoti Mala,5,love
413,com.openreply.pam,dania okar,5,perfect app
414,com.openreply.pam,Jenalyn Guevarra,1,app work wifi
415,com.openreply.pam,Marie Pierce,5,app work great motivates accomplish daily workout thanks personal plan organize need discipline come meal prepping pam app definitely amazing
416,com.openreply.pam,Ioana Dit,5,great
417,com.openreply.pam,Noor Jamal,5,human human angel haha app amazing tried nearly half recipe turned delicious terrible cook mean vegan thats euro month whaaat
418,com.openreply.pam,Natalia Szal,5,think nicely designed app lot potential thing im missing plant based recipe
419,com.openreply.pam,CHIC.,4,need phone notification custom workout plan personally like notified im work
420,com.openreply.pam,Ema Rybarova,5,amazing love feature design beautiful
421,com.openreply.pam,Madeleine Francesca,5,fantastic app issue use recipe fit family
422,com.openreply.pam,Stanka Tasova,5,klasse aber ich wollte frage warum die app ist nur auf englisch warum keine deutsch
423,com.openreply.pam,Elena Argyriou,5,love design
424,com.openreply.pam,Anita Fernandes,5,believe app available goa india working perfectly fine effective excerise thd app guide thats required fitt lovely receipes hardcore workout
425,com.openreply.pam,Malena Marslev,5,app amazing helping
426,com.openreply.pam,Hayley Lumb,5,great app easy use im loving trying new recipe week
427,com.openreply.pam,Maria Sozlu,5,training yearsmostly cardio happy weight git toned j wanted start training app transformed body quick kid gave birth twin month ago normal weight pregnancy size eightuk toned right thanks workout good thing workout fun challenging great music star
428,com.openreply.pam,Rashi Hirani,4,nice app
429,com.openreply.pam,Lale Baehni,4,die app ist echt toll ich benutze vor allem den workout planer da w e total cool wenn er kalenderform w soda man zb schon mehrere wochen im voraus planen kann
430,com.openreply.pam,Tamara Radojevic,5,thank pam thanks app changing lifestyle easier
431,com.openreply.pam,Foozhan Safayerooh,5,best app eating healthy food working pamela app perfect
432,com.openreply.pam,Anca-Ioana Sandu,5,lovely organized recipies tasty easy constructive feedback able save recipies tried loved seperate list easier access right save later list
433,com.openreply.pam,Jonna Gerhards,1,e sind nur soooo wenige rezepte kostenlos verf gbar wirklich rgerlich
434,com.openreply.pam,Ayscha Jrad,5,love app great recipe issue messaged team helped solve great app great customer support
435,com.openreply.pam,Joshua Peeters,5,great app look nice
436,com.openreply.pam,Roxx,5,love app easy plan schedule recipe workout create shopping list wish savoury option recipe having upgrade
437,com.openreply.pam,Amy is Pan,5,love
438,com.openreply.pam,gob,5,helpful app
439,com.openreply.pam,Ioana Gheorghe,5,needed d
440,com.openreply.pam,Kayla Turner,5,pam sweet lovable personality make want workout make workout feel manageable app make working eating healthy easier encouraged try new food push limit
441,com.openreply.pam,Galina Petkova,5,love app started free version decided pay stuff happy pam inspiring person
442,com.openreply.pam,Gergana Nikolova (Gery),5,wish app earlier super amazing im talking software dev perspective
443,com.openreply.pam,Maria Inês Correia,5,worth premium membership option limitless content free limited content amazing totally useful dozen recipe workout youtube ad planner cute doesnt technically work good phone
444,com.openreply.pam,Rafka Hanna,5,wow
445,com.openreply.pam,MIKAH,5,pams workout thee best internet ive tried recipe theyre actually great im pleased recipe vegetarian vegan friendly im conscientious objector getting increaaed definition helped aithmy confidence model foolproof
446,com.openreply.pam,Nina Sekulovski,3,app lovely perfect design simple use content premium bit overrated aside sweet dish worth paying especially dont eat meat there vegan recipe lunchdinner definitely oat recipe mean oat great fun healthy making oat variety way day nonvegan folk guess pretty cool blog
447,com.openreply.pam,Savina Bhardwar,5,app perfect pam keep motivated excited help organise meal workout bonus pams informative blog loved love pam
448,com.openreply.pam,Adi Anner,5,thank workout program
449,com.openreply.pam,zandelion,5,great app love recipe ive wanting eat healthier knew start able recipe app great motivating know app new added love able progress report able upload photo current weight add daily calorie able add extra stuff coffeewater day
450,com.openreply.pam,Bolu,5,app keep saying connection issue super annoying able open apps function keen use say check connection wouldnt able redownload app didnt work post internet connection update sorry realised problem university wifi wont let use app use internet sending love pam
451,com.openreply.pam,Shekhar Kandpal,5,love app
452,com.openreply.pam,Anjali Chauhan,5,pam u didnt include ur workout program u upload ur instagram
453,com.openreply.pam,malak,5,didnt downloading al tho love pamela ur workout yt thats im def giving u star love pamela
454,com.openreply.pam,ANKITA KOTHARI,2,love spend time app maybe add naturally pam product puma collection evrything handle stay updated amazing xoxo lot love india
455,com.openreply.pam,He Li,5,like app lot great thing purchase subscription doesnt let say unknown billing error apps love vegan recipe
456,com.openreply.pam,Adely van Schalkwyk,4,brilliant app suggestion workout student work min break appreciate kickboxing workout study break workout
457,com.openreply.pam,irina botici,3,problem want purchase premium version info card asks password god know password tried single password know phone pin pin card tried doesnt work need guidance
458,com.openreply.pam,Sophie,5,love pam literally yummiest recipe
459,com.openreply.pam,Ayasami Dakuto,4,unlocking paid content recipe displayed twice ok bit irritating browsing recipe
460,com.openreply.pam,Andreea-Irina Cojocia,5,amazing app food inspiration
461,com.openreply.pam,Mai Droubi,5,app amazing thank pamela
462,com.openreply.pam,Power Webs,5,excellent app ive learned cook thank pamela
463,com.openreply.pam,Anais Bouzeliffa,5,help app look cool love design unfortunately access video written error occurred initializing youtube player updated youtube delete install doesnt work help
464,com.openreply.pam,kim taehyung,5,amazing
465,com.openreply.pam,gladys mantos,5,love pam
466,com.openreply.pam,Olivia Angela Tudor,1,update crashing phone install app phone keep crashing unfortunately make impossible use pam app bad look amazing love pam workout
467,com.openreply.pam,Christina Teuma,5,dont regret paying money affordable pamela helped workout problem food guess try eat cleaner thanks pam absolutely loving
468,com.openreply.pam,Kasia Wolek,5,looove app easy use place
469,com.openreply.pam,Katharina Reiner (Kathi),5,ich liebe diese app leider ist mir aufgefallen das man bei android jedes workout nur einmal pro woche den plan einf gen kann ich hoffe diese kritik f llt dir auf pam und du kannst e beheben deshalb auch trotzdem die
470,com.openreply.pam,Abby Ojeda,5,exciting
471,com.openreply.pam,Isadora FIANT,5,amazing
472,com.openreply.pam,Frank & Kristen Gaber,5,absolutely incredible app amazing recipe access workout intelligent userfriendly feature app free version great highly recommend subscription love
473,com.openreply.pam,Firenze,5,amazing app love workout program lot free content cheap subscription
474,com.openreply.pam,sasha mcshane,5,amazin
475,com.openreply.pam,Anja .muriel,5,love includes needed fitness
476,com.openreply.pam,Lizzie Quintero,5,todo lo que tiene que ver esta mujer e hermoso y perfecto
477,com.openreply.pam,Zuzanna,5,love love love love
478,com.openreply.pam,Elena Holban,5,love yummy recipies
479,com.openreply.pam,Wanda Wendy,5,beautiful
480,com.openreply.pam,Meg M,5,love app idea update convenient added item recipe grocery list quantity displayed grocery list
481,com.openreply.pam,36 Vivian,5,love app helpful friendly use love feature
482,com.openreply.pam,Helia Jalal,5,start plan
483,com.openreply.pam,Julia Mrozinska,5,love amazing app good job pam
484,com.openreply.pam,Muska Rasuli,5,
485,com.openreply.pam,spiritual,1,best
486,com.openreply.pam,Rhea George,4,love app far recently im able access pams forty-five min strength plan available app instead show workout plan posted instagramthe add pam workout plan doesnt helpit show plan instagramthis disappointment issue fixed great im soley app strength plan
487,com.openreply.pam,De-Tiny-Bean,5,amazing love love pam
488,com.openreply.pam,Marija Bajlozova,5,love
489,com.openreply.pam,Fatima Verastegui,3,love app day use crash everytime try open stay like charging forever ive installed new update uninstall reinstalled app time
490,com.openreply.pam,Salah D. Salim,5,like app
491,com.openreply.pam,Lidia Wilson,5,amazing app worth download
492,com.openreply.pam,Claire McLaurin,4,enjoying app app say day im day thing yesterday update suggestion
493,com.openreply.pam,beatriz zanata,1,idk happens everytome try open app crash main page downloaded uninstalled threex
494,com.openreply.pam,Ann-Louise Gaynor,5,loving app easy beautiful ui recipe delicious article informative workout effective like suggest sorting feature shopping list way arrange ingredient type dry wet veggie
495,com.openreply.pam,Akemi Sawada,4,love app lot cute scream care open pam posting healthy tip new workout place bit suggestion add place write recipe awesome recipe inspired pams place tend forget recipe lot small memo note space definitely awesome
496,com.openreply.pam,Devleena Bera,5,best app maintain healthy lifestyle showed eating benefit eating healthy moderation key healthy life
497,com.openreply.pam,Maria Fatima Babat,5,organized
498,com.openreply.pam,Alba Peralta,5,love recipe workout nice app
499,com.openreply.pam,Aura of my ocean,5,love app love pamela thank hardwork create literally use app use instagram learned purchased recipe book subscribed worth money isnt lot money
500,com.openreply.pam,Littbarski Tulabing,5,user interface superb aside cute easy navigate
501,com.openreply.pam,Grace Lee,5,finally there pam app major loving app workout plan automatically updated app make easier workout itll nice there achievement popup badge share daily workout ig
502,com.openreply.pam,Chum Lotha,5,way mean best workout app searching app like thank sooo pamela
503,com.openreply.pam,Nicola McDonald,5,excellent app sort fitness programme diet shopping list recipe easy follow continuously lid screen cooking ace love thanks pam
504,com.openreply.pam,Dorisz Szigheti,5,love help ambition lose weight
505,com.openreply.pam,Kitty Meoe,5,amazing app
506,com.openreply.pam,J,5,premium member app completely stopped working displaying persistent internal error help p terrific app change rating star issue addressed happy provide screenshots thank x p resolved fivestar rating thank fixing soon
507,com.openreply.pam,Selene Barbato,5,app truly amazing try yummy recipe clean ingredient directly add ingredient shopping list weekly meal plan founder pamela add new recipe workout plan included there blog lot information tip healthy lifestyle girl amazing job deserve
508,com.openreply.pam,Yvette Fetter,5,yes working thank
509,com.openreply.pam,shengfang cai,1,im chinese living italy thanks responding appeared window say pam app downloaded kept trying wont work think android issue apparently nevermind follow ig yb im faithfully fan
510,com.openreply.pam,DROP Stand Up,5,great app
511,com.openreply.pam,Mohamed Sharaf,5,good
512,com.openreply.pam,Németh Hanna,4,app useful bug bit annoying time click workout sais error occurred initializing youtube player hope way fix
513,com.openreply.pam,Lucie Honová,3,better free app recipe free better option app
514,com.openreply.pam,Tessii,5,amazing app love pamelas workout one keeping motivated fun working workout challanging feel great app workout delicious meal place happier
515,com.openreply.pam,sanika damle,5,love perfect
516,com.openreply.pam,"Tañeza, Angeline BSHM 1226",5,sign start work wuuuuv u pam
517,com.openreply.pam,no name,5,perfect app
518,com.openreply.pam,Theodora Evangelou,5,amazing
519,com.openreply.pam,Elisabetta Grassano,5,nice fitness app make easy stick precise workoutmeal plan designed love pastel color
520,com.openreply.pam,MADINA,5,thank pamela dennis
521,com.openreply.pam,beth,5,best app
522,com.openreply.pam,Ivett Sz Oxnard,5,perfect love big help cause ve got busy life save time search thing ve seen people didnt like payment month basically like getting starbucks costa coffee
523,com.openreply.pam,Aneta Kéblová,5,understandable love look
524,com.openreply.pam,Irina Siminica,5,great app workout eat great job thank
525,com.openreply.pam,Viktoriya Kienreich,4,love app update video dont play youtube error message uninstalled installed app change
526,com.openreply.pam,Karen Morales,5,sooo easy navigate omg im happy free version premium right
527,com.openreply.pam,Nodira Usmanova,5,wonderful app great picture showing cooking step
528,com.openreply.pam,Ayse Hamil,5,pam equal quality
529,com.openreply.pam,Nour Abdelqader,5,amazing need recommendation better premium plan offer recipe meal limited increase fair way want pay money premium plan personally fine happy app
530,com.openreply.pam,Karolina Kosmacz,5,nice
531,com.openreply.pam,Archana Singh,1,need improve
532,com.openreply.pam,Jessica Graham,5,love glad finally got app
533,com.openreply.pam,Kelly Brincat,5,worked thank started workout feel difference health cook book talented
534,com.openreply.pam,Sergio Mantoni,5,amazing app
535,com.openreply.pam,Just Jojo,3,bug buffering youtube workout video try fixing
536,com.openreply.pam,дерзкий пудж,5,perfect period
537,com.openreply.pam,Ilona Huzar,5,upd bug fixed thanks quick response recipe contain plenty ingredient want scroll step involved cooking process doesnt react finger touch scroll fast stop clicking screen stop reach clarify problem apps phone apart app convenient functional
538,com.openreply.pam,Pinar,5,love
539,com.openreply.pam,Santy Chandrahasa,5,love luv u pam stop solution workout journey
540,com.openreply.pam,Selena,5,awsome
541,com.openreply.pam,Malika Jigssa,5,loved good work pam
542,com.openreply.pam,Carreon Kyla Rolayne,5,aesthetically pleasing doesnt hurt eye waiting long def worth wait
543,com.openreply.pam,Jemimah Montefalcon,1,hi want use app loading im android user
544,com.openreply.pam,stop motion,5,love
545,com.openreply.pam,Kira K-M,5,great app asthetic easy navigate lot good recipe tip able add ingredient recipe shopping list convenient suggestion allow select workout plan instead forty-five min check day workout plan change celciusfahrenheit setting nice app
546,com.openreply.pam,Mary Allyson San Juan,5,great app work
547,com.openreply.pam,Iwanna Ostapczuk,4,great app open youtube video app say youtube app missing phonewhichvis help
548,com.openreply.pam,Olga,3,like visual app understand fact paid app come price need profit business update premium member bit sad unfortunately deletring app free content maybe consider pay install good work team member
549,com.openreply.pam,Farrisya Syamiza,5,love appbut buy premium im teenage okay there unlocked
550,com.openreply.pam,Kristina Gerasimova,5,amazing totally worth easy use great content best apps
551,com.openreply.pam,Dimitra Chatzopoulou,5,good
552,com.openreply.pam,CC HY,5,loveeee
553,com.openreply.pam,Alzoubi Esraa,5,amazing practical useful
554,com.openreply.pam,Lina I.,5,nice app love feature price yearly subscription super fair
555,com.openreply.pam,Petra Cendelínová,5,beautiful app great function android developer thanks pamela hard work
556,com.openreply.pam,Menu Bin,5,amazing
557,com.openreply.pam,ANINDITA MAITY,4,loving app workout amazing useful
558,com.openreply.pam,Farah Ain J.,5,love thanks pam creating place wan na workout week recipe love hope like checkbox workout day feel like sense achievement progressed week great app
559,com.openreply.pam,Bea Dorado,5,amazing mean pam amazing extra amazing app fun way keeping thing healthy happy
560,com.openreply.pam,Hannah Chan,4,app super pretty love workout calendar option love checklist tick workout finished day thanks pam love workout
561,com.openreply.pam,Geet Changlani,5,best fitness app seen omg purchase good design plan meal thats best thing thanks pamela reif
562,com.openreply.pam,Gianinna Belén,5,love
563,com.openreply.pam,Okuhle Khawula,5,absolutely love apppamela besti absthe recipe great tried chocolate pudding delicious deserves star
564,com.openreply.pam,Rachael,5,love app changing eating habit included workout program especially love workout strong mentally physically
565,com.openreply.pam,Daga,5,great app recepies future nice addition measurement diary
566,com.openreply.pam,Alexandra Rosser-Stanford,5,great app there fault link youtube open workout video say need youtube missing youtube installed date key use app star resolved update star edit open workout workout tab inside workout plan edit thanks fixing quickly
567,com.openreply.pam,Hajnalka Godányi,5,app cool love pamelas workout especially like apps workout planning function better adding following thing seeing kcal burned workout plan possibility add different weekly plan pamela thing mention scrolling bothersome app especially recipe hard spot tap scrolling
568,com.openreply.pam,Kristen W.,5,thanks creating helpful app love able easily select plan workout want week super easy use navigate suggestion add ability select equipment needed workout video equipment booty band free weight
569,com.openreply.pam,taleen 22822,5,needed thanks alot pam
570,com.openreply.pam,Jamy Danessa Louis Jeune,5,best app
571,com.openreply.pam,veronica pacioni,5,love thank pam
572,com.openreply.pam,Marija Kostic,5,love ittt
573,com.openreply.pam,cindy bessard,5,perfectly splendid
574,com.openreply.pam,Fabiana Cerveira,5,thats amazing im loving needed like start workout wait result
575,com.openreply.pam,Arvie Ramos,5,happy app
576,com.openreply.pam,Ema xxx,5,love
577,com.openreply.pam,Iulia Nistor,5,great app love easy navigate free feature fixed amazing customer service little glitch youtube workout play launch workout section plan section hope get sorted soon life easier
578,com.openreply.pam,Emi Le,5,update bug reported got fixed day later impressed turnaround love app overall im unable play workout video plan tab key feature looking forward said play video youtube app installed phone hopefully fix bug soon
579,com.openreply.pam,Gabby Guy,5,excited feature edit love love love app purchased grocery week meal plan stayed budget recipe easy follow dont require super crazy ingredient importantly delicious ive recipe enjoyed husband enjoying id star
580,com.openreply.pam,Amber Sims,5,pams workout plan instagram year excited app absolutely love pams weekly meal workout plan la carte recipe youtube workout video app intuitive user friendly visually appealing
581,com.openreply.pam,수연_shaden,5,omg amazing
582,com.openreply.pam,Megan Staunton,5,love perfect finding new recipe easy follow love youre able add ingredient shopping list check wait cook
583,com.openreply.pam,Jana Tinkov,5,clean app need good job pamela
584,com.openreply.pam,Suciu Giulia,5,amazing
585,com.openreply.pam,Timea Zavadzanová,5,amazing
586,com.openreply.pam,Lena Marie,5,app wonderful effort love pamela app detailed easy use love create workout plan use shopping list list perfect premium version isnt expensive able afford
587,com.openreply.pam,Fabia Chowdhury,5,wonderful app like review option choose workout plan amazing thank impactful app place
588,com.openreply.pam,charu powar,5,love app easy run look smooth best create workout plan additionally knowledge diet appreciated
589,com.openreply.pam,Aline Borges Moraes,5,excellent thank pam
590,com.openreply.pam,Sofia Nieto,5,amazing
591,com.openreply.pam,Shafquat Jahan,5,loved app
592,com.openreply.pam,Jo McCrossan,5,aesthetically pleasing lot nice recipe adjust match number people youre cooking super helpful english translation looked native english speaker theyre little clunky place
593,com.openreply.pam,Madelyn Board,5,hey pam app amazing love app easy navigate thank
594,com.openreply.pam,zeren oruc,5,amazing app highly functional visually pleasing recommendation improve great autoplay option workout playlist dont exit video click workout super fluid adding pams weekly workout plan fantastic great customize want switch slow routine deletingadding video option reording
595,com.openreply.pam,Tara,5,love
596,com.openreply.pam,Catarina Silva,5,enjoy app thank effort hard work suggestion improvement nice total workout time workout plan basically summing selected video time
597,com.openreply.pam,Katarina Radinovic Kapralovic,5,recipies great better shopping list include product
598,com.openreply.pam,SpiceForLife,5,ive waiting app finally awsome thank
599,com.openreply.pam,Zainab Hussain,5,thank sooo pam amazing person wanted tysm pam app amazing
600,com.openreply.pam,wafaa naser,5,amazing thanks pam
601,com.openreply.pam,Angelina W,5,thoughtthrough lot love detail
602,com.openreply.pam,Mateja Janeš,5,perfect app exercise healthy eating
603,com.openreply.pam,Loh Xin Yee,5,best app there ad workout great recipe simple healthy delicious definitely download app love pam
604,com.openreply.pam,Natalie Jvr,3,like app easy use paid membership fee year open recipe youtube workout video working
605,com.openreply.pam,Sabrina Ullrich,5,appreciate pam app useful information recipe workout video easy straightforward use thank app pamela xx
606,com.openreply.pam,Luna Lynx (eyylunaaa),5,love overall app especially color
607,com.openreply.pam,travelmuske,5,super easy use
608,com.openreply.pam,Dayita D,5,love visuals simplistic aesthetic feature complicated easy handle overall fantastic app love owner little soo
609,com.openreply.pam,Taetae Kim,5,ive waiting app happy rn
610,com.openreply.pam,Juanita Chacón,5,better app think important easy usefully love
611,com.openreply.pam,Lilac,5,app aesthetic welldone recipe look delicious easy use
612,com.openreply.pam,Izzatul Azira,5,love app perfect
613,com.openreply.pam,Mary Alison Wong,5,love app ive following pamela reif instagram youtube basically app ask design light pink motivating easy use youll love premium member unlock feature download app
614,com.openreply.pam,Alice,5,love app especially customize workoutsim pamelas big fansoi love app lot
615,com.openreply.pam,Nimitha Anna Benni,5,great work pam
616,com.openreply.pam,Jennifer Lourenco,5,love
617,com.openreply.pam,Bonny Watkins,5,love
618,com.openreply.pam,nur izzati,5,thank pam making app love
619,com.openreply.pam,Nicol Kallishi,5,love site thank pam
620,com.openreply.pam,Miriam Hernández,5,looking app exactly like ive pamelas workout year got nice result great check workout day record
621,com.openreply.pam,Ester de Lange,5,love
622,com.openreply.pam,Oumaima Miah,5,best app eveeeer pamela reif
623,com.openreply.pam,Kanupriyaa Choudhary-Legha,5,loveeee app believe feature free amazing pam
624,com.openreply.pam,Maria Chrysanthou,5,amazing app
625,com.openreply.pam,Tonia Levert,5,amazing app
626,com.openreply.pam,Stefana Iosub,5,love
627,com.openreply.pam,ArivlE Name,5,easy beautiful color lot option
628,com.openreply.pam,Helina K,5,love love love thank
629,com.openreply.pam,Camila Gómez,5,good app super practical love app
630,com.openreply.pam,Mahdis Indis,5,perfect
631,com.openreply.pam,Mafalda Calha,4,free option wonderful plenty option
632,com.openreply.pam,Victoria Tavena,5,thousand d
633,com.openreply.pam,Razan Fake,5,love super cool lot recipe perfect love pamela
634,com.openreply.pam,Aarushi Chawla,5,wonderful experience amazing
635,com.openreply.pam,Rawan Bassam,5,amazing app
636,com.openreply.pam,Fanny Liu,5,best app im happy pamela android shes best love
637,com.openreply.pam,Chandrani Basu,5,paaaam love girl waiting love app colour visual feature recipe write ups luv anymore happy
638,com.openreply.pam,Dalila Di Costanzo,5,thank pam
639,com.openreply.pam,yara 1,5,love pamela wish like ill grow
640,com.openreply.pam,Jasmin Castillo,5,love
641,com.openreply.pam,maya xx,5,love thisssss
642,com.openreply.pam,Pavla Nguyen,5,thank putting effort app spending time love app
643,com.openreply.pam,Nemjilyn Noe,5,waaaaaaah finally didnt open know beautiful easy acces app btw philippine
644,com.openreply.pam,Vivian Law,5,love u pam
645,com.openreply.pam,Lucy Pagano,5,amazing
646,com.openreply.pam,Ana Perez,5,best app
647,com.openreply.pam,Mariam Saeed,5,amazing person application omg easy navigate design absolutely perfect beautiful guurrll rock
648,com.openreply.pam,Erin Merrigan,5,app amazing recommend everybody want fit eat healthy thank pamela effort hard work
649,com.openreply.pam,Ina (inacincinnis),5,love paaaaam thank effort work im excited happy deserve best
650,com.openreply.pam,Katie Kroeze,5,love mix match video schedule im excited recipe
651,com.openreply.pam,Kolbiker Vicky,5,awesome app love thank pamela reif
652,com.openreply.pam,Aditi,5,pamela definitely favourite fitness influencers youtube im glad released app lot
653,com.openreply.pam,Miranda Ong,5,love app fact free version alr sm good stuff pam nice providing free workout workout plan clean food brand app love u pam
654,com.openreply.pam,Indrawati Sutanto,5,app package healthy lifestyle food knowledge section blow mind read pams recipe healthy delicious pams recipe half year addicted definitely highly recommended app want start healthy lifestyle
655,com.openreply.pam,Varvara Hay,5,brilliant app design pleasing love friendly feel amazed work pam dennis recipe mouthwatering convenient adjust portion add ingredient shopping list finally wont resort screenshot instagram check workout plan morning premium membership reasonable thank fantastic development pam dennis
656,com.openreply.pam,armynator 300 koukie,5,ive waiting long im happy finnaaalllyyyyy
657,com.openreply.pam,Lydia X,5,edit fivestars wish extra star quick response fix original review welldesigned ui great selection free content video play huge apps functionality value error directs install youtube black screen error app hopefully pams team fix beautiful app
658,com.openreply.pam,Krista A,5,app good pam best premium version love free resource setup recipies blog step recipies amazing love pam ur fam amazing
659,com.openreply.pam,Javiera Correa Herrera,5,waiting
660,com.openreply.pam,Hannah Njenga,5,love
661,com.openreply.pam,Danny Maged Milad,5,best thing love app knowing pamela think food life like god healthy live happy life weakness cause bad food bad habit blog section love pamela
662,com.openreply.pam,call me yui uwu,5,love layout pretty proud u love u pam
663,com.openreply.pam,An Dima,5,great easy use
664,com.openreply.pam,Kyi Thar Win,5,love
665,com.openreply.pam,Shmita Rai,5,perfect love
666,com.openreply.pam,Calla Lia Evergreen,5,love absolutely amazing app blog helpful having workout meal plan follow awesome app amazing feature wish money subscribe trust awesome pamela thank
667,com.openreply.pam,ioana vancea,5,amazing
668,com.openreply.pam,Hira P,5,excellent job
669,com.openreply.pam,Ola Kornaś,5,best app ive
670,com.openreply.pam,Janice Brown,5,loved setting sadly im broke afford buy locked feature
671,com.openreply.pam,Valentina Dragičević,5,amazing app love bit sad recently bought cookbook pay want experience app amazing way solve thismaybe provide proof payment cookbook code activate recepies app great shopping list quantity needed recepies perfect thank pam
672,com.openreply.pam,Rosalyn Lewers,5,incredible
673,com.openreply.pam,Eryn Gullett,5,genius idea love pam great thing meal plan work plan overall way bring health beginner
674,com.openreply.pam,Leoni Eilhauer,5,pamela passionate person know app
675,com.openreply.pam,Dday,5,absolutely loved
676,com.openreply.pam,Ibti M,5,amazing app healthy recipe giving great motivation active positive lifestyle love workout
677,com.openreply.pam,roshani berawat,5,love app soo
678,com.openreply.pam,Konul Aliyeva,5,love pam creates
679,com.openreply.pam,AnnaMaria McMurrer,4,app amazing notice bug google pixel threeaxl looking recipe scroll ingredient page room ingredient section applies nutrition dietary info
680,com.openreply.pam,Johanna Kottenstedte,5,im impressed wow there missing thoughtthrough love
681,com.openreply.pam,justina skorupskaite,5,"love easy use great tip plus recipe clean healthy tasty thats better thousand , definitely recommend p s thank pam"
682,com.openreply.pam,Yazmin Glassbrenner,5,wonderful app pamelas workout place bunch delicious recipe start plan great app
683,com.openreply.pam,Nadine,5,perfect
684,com.openreply.pam,Ashley Long,3,love app recipe wise functional right wish recipe arent bowl way bowl breakfast favourite like pancake waffle egg easy weeknight dinner guess want eat salad bowl salad smoothie bowl perfect add option filter recipe saved recipe nice input recipe app
685,com.openreply.pam,Maisie Heldt,5,impressed free app pam awesome
686,com.openreply.pam,Apple pie,5,finally pam appcant wait beckme healthier
687,com.openreply.pam,Sarah Ali,5,love need download
688,com.openreply.pam,Greta Munaro,5,beautifully designed complete accessible functional free version lot useful content premium absolutely worth looking forward new content come
689,com.openreply.pam,Princess Gilda,5,pam life survivor gained covidnineteen locked depressed started follow workout video youtube week lost unbelievable true workout video meal plan app yaaay
690,com.openreply.pam,Haana Raeisi,5,love pamela best
691,com.openreply.pam,Daisy _____,5,love pam
692,com.openreply.pam,LYRICS WORLD,5,love app
693,com.openreply.pam,Dawn Wong,5,easy use amazing recipe recipe pay im young pay
694,com.openreply.pam,Nevena Dancheva,5,love thank
695,com.openreply.pam,Simret Leul,5,incredible
696,com.openreply.pam,ユリアJulia,4,w sehr sch n wenn man bei der android version auch den einstellungen die sprache umstellen k nnte aber ansonsten liebe ich die app
697,com.openreply.pam,Kornelia,5,best app aesthetic simple use detailed receipes amazing
698,com.openreply.pam,Abigail Macaraeg,5,app good effort people app immaculate
699,com.openreply.pam,Deja Dukes,5,beautifully designed im excited app im love recipe powerful body powerful mind thank pam
700,com.openreply.pam,sanatan vidyalaya,5,best app track health food fitness experience app thought know worked hard right im loving app
701,com.openreply.pam,Denica Georgieva,5,great app need healthy lifestyle
702,com.openreply.pam,Seb Veg,1,unfortunately possible play video error connecting service
703,com.openreply.pam,Martina Miteva,5,pam dennis pay attention smallest detail time didnt disappoint aesthetically pleasing app beautifully contains lot thorough knowledge personal useful insight change outlook food plus easy use proud wait cooking
704,com.openreply.pam,Monika Miteva,4,think app amazing working pam giving star expecting workout plan workout section nice choose plan video automatically saved schedule like instagram love blog section
705,com.openreply.pam,Monika,5,userfriendly smooth nice recipe workout place
706,com.openreply.pam,Maryam Farahani,5,awesame like herselflove
707,com.openreply.pam,Zozitoo Radkova,5,good designed definitely recommend
708,com.openreply.pam,Kim Hufcut,5,app actually phone incredible feature meal plan workout plan workout fave shopping list finally app need beautiful uncluttered layout
709,com.openreply.pam,Mariann Alber,5,
710,com.openreply.pam,aini,5,app literally best literally create workout plan literally immaculate pamela literally put lot effort app worth im love app word cause perfect lol love love pam xx
711,com.openreply.pam,Bronislava Kráľová,5,app awesome affordable looking forward cook recipe shopping list useful feature pam amazing
712,com.openreply.pam,E C,5,amazing app
713,com.openreply.pam,H. Vanlalnunpuii,5,love apppamwill app
714,com.openreply.pam,Silver,5,need check app star rating pam absolute best kind hard working spirit thank
715,com.openreply.pam,Sheena Patel,5,amazing content healthiest lifestyle
716,com.openreply.pam,Sarrah Sakarwala,5,love pamela app perfectly thought t brilliant
717,com.openreply.pam,Isidora Zdravkovska,5,love pam
718,com.openreply.pam,Ygdthh Gdfgyu,5,amaaaazing
719,com.openreply.pam,Cassia Dsouza,5,pamela reifs workout helped gaining weight huge problem pam make workout easy ive started gaining muscle body definitely getting shape ive following workout plan posted instagram story saving playlist youtube headache app make easier love thanks pam definitely recommend
720,com.openreply.pam,Mia Sophia,5,amazing app tip trick food fitness happy thankyou pam
721,com.openreply.pam,Maria Matei,5,awesome
722,com.openreply.pam,Midnight,5,app helpful
723,com.openreply.pam,Yohna Leleu,5,best app thank pamela
724,com.openreply.pam,marlene,5,fun smooth love think life easier eat healthy thanks pam
725,com.openreply.pam,Beata Olejarz,5,ohh easy use contains lot great function visible pam heart highly recommend
726,com.openreply.pam,Markéta Mogan,5,absolutely amazing star amazing content easy use great topic star vegan option great job pam xx
727,com.openreply.pam,Snehit Swamy,5,worder app like pamela quality true hard work pay
728,com.openreply.pam,Maloy Aure,5,waiting app good interface user friendly great app workout meal plan track thank pamela dennis
729,com.openreply.pam,Eileen Larkin,5,absolutely amazing app think meal planning blog fitness addicted app
730,com.openreply.pam,Maria K,5,love amazing word
731,com.openreply.pam,Diana Azrafil,5,need app lovee
732,com.openreply.pam,Camille Rod,5,absolutely amazing everthing worked expected
733,com.openreply.pam,Manti Tsogka,5,great appso thoughtso practical easy
734,com.openreply.pam,setare K.n,5,easy access pam book program great thank pamela
735,com.openreply.pam,Katica Lázár,5,key healthy happy life thank pamela making better version
736,com.openreply.pam,Marija Stevanovic,5,love app beautifully designed easy use
737,com.openreply.pam,Xarista Eunice,5,fall love rhis apps sight thank pam
738,com.openreply.pam,Mansi Chopra,5,love app
739,com.openreply.pam,Katarina Ćavar,5,great app
740,com.openreply.pam,Lucy Burwell,5,amazing app waiting long honestly best apps seen informative great recipe course amazing workout plan
741,com.openreply.pam,Jingxian Lim,5,best app
742,com.openreply.pam,Julia Birt,5,einfach wunderbar danke pamela
743,com.openreply.pam,Maria Ksouri,5,t amazing mean pamela amazing workout killer youll amazing result yeah app damn good helpful love
744,com.openreply.pam,Aarya Kanhey,5,app needed love pam
745,com.openreply.pam,Frosi Nikolic,5,loved good far thanks pam best
746,com.openreply.pam,negin ahmadi,5,loveeee
747,com.openreply.pam,Sara Capellini,5,app fabulous
748,com.openreply.pam,shaghayegh Hsn,5,love pamela
749,com.openreply.pam,Michelle Cleeve,5,amazing thats
750,com.openreply.pam,Ema Kalo,5,amazing
751,com.openreply.pam,Eirini Apostolidou-Kiouti,5,amazingive waiting month finally hereyou choose metric recipe yayyythe free app lot recipe course workoutsshopping list great feature add automatically recipesit lot tip pamela blog sectionits awesome
752,com.openreply.pam,Sujitha G (Barbie doll),5,pam trainer thanks amazing app
753,com.openreply.pam,Ev Claire & Scott,5,amazing x pam u love amazing ive signed year im sticking xx
754,com.openreply.pam,Natalija,5,absolutely amazing
755,com.openreply.pam,barbora levá,5,good love
756,com.openreply.pam,Vanessa Teodora,5,totally love app
757,com.openreply.pam,Fristy Riv,5,love far great personal measurement fitness progress share friend
758,com.openreply.pam,A Google user,4,far awesome thing suggest adding add ingredient need shopping list add portion recipe shopping list tell need carrot instead im excited app
759,com.openreply.pam,Laura Kryg,5,love
760,com.openreply.pam,Lily Hardwick,5,absolutely love
761,com.openreply.pam,Manthan Shah,5,app look clean easy navigate love meal suggestion nice algorithm calculates quantity product buy meal selected seven portion chocolate porridge want seven morning week uber useful know standard quantity buy week
762,com.openreply.pam,Jenny Nemeth,5,best useful app phone right wait use daily routine
763,com.openreply.pam,Lynn Wehbe,5,amazing downloaded app like plan blog everythingcant wait try recipe congratulation pam thank love youu
764,com.openreply.pam,Sonia Teckchandani,5,love app awaited app thankyou pamela app
765,com.openreply.pam,sun flower,5,love app
766,com.openreply.pam,Txuen Ng,5,love
767,com.openreply.pam,Arsema Dereje,5,looooove muchive waiting week finally got gift pamela reif
768,com.openreply.pam,Uafa Hammoun,5,amazing
769,com.openreply.pam,maraam maraam,5,love app thanks pam
770,com.openreply.pam,Vanshika Agarwal,5,ive waiting long launch finally im love app far thankyou pam xx
771,com.openreply.pam,Sara Popović,5,amazing
772,com.openreply.pam,Andreas Schipflinger,5,soooo cool u create workout plan meal plan premium price totally okay love
773,com.openreply.pam,Reza Jabari,5,wow finally
774,com.openreply.pam,Elena Petcu,5,app wanted start eating healthy knew cook ingredient use recipe look delicious wait try app life lot easier
775,com.openreply.pam,Ciya Dhingra,5,whoa finally d
776,com.openreply.pam,mahdie rezaei,5,amazing thank pamela reif
777,com.openreply.pam,Fatemeh T,5,omg awesome
778,com.openreply.pam,Stephanie Meek,5,super user friendly visually nice thousand
779,com.openreply.pam,Georgiana Filioreanu,5,love app extremely easy use ordinary health app proud pam dennis work like application workout food knowledge amazing recipe
780,com.openreply.pam,Salma Maghraoui,5,perfeeeeect
781,com.openreply.pam,Nela Leknerová,5,love app
782,com.openreply.pam,Xhesilda Fataj,1,try open doesnt work
783,com.openreply.pam,Rutuja Bhagane,5,absolutely loved app structure app design content beautiful
784,com.openreply.pam,faranak bagheri,5,best
785,com.openreply.pam,Tarani Neelapu,5,love app fact workout free love pam
786,com.openreply.pam,A,2,leider st rzt die app st ndig ab besonders dann wenn ich die volle app kaufen
787,com.openreply.pam,Aya Sharaf,5,amazing
788,com.openreply.pam,Averil Magsalin,5,thank pam
789,com.openreply.pam,Mia Taylor,5,love app delicious food best excercise helped year continuing
790,com.openreply.pam,Diana Arbab,5,love app thank pamela
791,com.openreply.pam,Vasi Peycheva,5,design gorgeous
792,com.openreply.pam,Aimee Morley,5,great app lot information thing use plan healthy lifestyle thanks pam
793,com.openreply.pam,Tanja Braun,5,love app far instantly got premium member ship wait design workout plan meal plan
794,com.openreply.pam,Elena Stanoevska,5,highlight pamela amazing
795,com.openreply.pam,Erin N,5,lovely use nice complement pams youtube ig content
796,com.openreply.pam,Janki Panchal,5,waiting app long time thank pamela creating beautiful amazing application
797,com.openreply.pam,Nadja G,5,
798,com.openreply.pam,Barbara Sára Nyemcsok,5,love pam know id love app
799,com.openreply.pam,Federica Di Stefano,5,waiting app look amazing great tool organize eating sport routine
800,com.openreply.pam,Viktória Juhász,5,love love love pam app needed
801,com.openreply.pam,Bianca Barnard,5,pam youre angel creating credit dennis
802,com.openreply.pam,Hemavathi Manikumar,5,great app love u pamela
803,com.openreply.pam,red,5,best app ive seen helpful thanx pam
804,com.openreply.pam,Sarah Saed,5,app damn perfect
805,com.openreply.pam,marija jorgic,5,perfect
806,com.openreply.pam,Vanessa David,5,love app love pam
807,com.openreply.pam,Jeni,5,exactly aesthetic good app mind gon na perfect companion cooking need managed healthy lifestyle tqsm pamela
808,com.openreply.pam,Shini Jackson,5,love pam
809,com.openreply.pam,Emma Schmidt,5,im sooo love
810,com.openreply.pam,berry tart,5,love itpamela
811,com.openreply.pam,Clement Victor,5,loving
812,com.openreply.pam,Jahnavi Raj,5,best app istg need pam genius
813,com.openreply.pam,Reshma Suresh,5,love pam
814,com.openreply.pam,Anjali Dua,5,absolutely love love love app designed waiting long long time finally phone pamela fail disappoint show passion thanks ton
815,com.openreply.pam,Mahtab Hosseini,5,simply amazing pam love thank helping live healthy life
816,com.openreply.pam,Gole Narges,5,love app pamela thank taking time
817,com.openreply.pam,Emilija Avramovska,5,love pam fan forever amazing app
818,com.openreply.pam,Abigale Liu,5,im overseas working asian recommend app asian wan na learn western fitness dish simple clean interface easily follow recipe clear measurement based people food im gon na prepare got ta shopping list talented dont habit making grocery list forget thank pam creating app
819,com.openreply.pam,Vica Zhuo,5,waiting exited try feature love love design good feature free plan premium plan definitely advantage
820,com.openreply.pam,ju yen,5,love app thnak pamela continuing help fitness journey app good problem screen freeze read blog post click button unfreeze hope fix soon aside app literally perfection
821,com.openreply.pam,Medha Majumdar,5,waiting long time
822,com.openreply.pam,Caroline Maier,5,love create workout plan recipe thanks pam team app easy use expect workout app
823,com.openreply.pam,Violeta Teneva,5,sooo beautiful user friendly amazing recipe
824,com.openreply.pam,Sama Akmal,5,live work wait try thank pam
825,com.openreply.pam,Su Ling Teoh,5,absolutely love missing life way pam
826,com.openreply.pam,Asma Jamal,5,pam app great
827,com.openreply.pam,Lina B,5,love app pam
828,com.openreply.pam,Sidorela Hamitaj,5,need regard fitness single app
829,com.openreply.pam,Alexandra Nenestean,5,love lovelove designed passion creating app care detail search inspiration healthier lifestyle download better subscribe premium membership wait try recipe
830,com.openreply.pam,Pasithea Fytanoglou,5,honestly amazing tried subscribe say there problem bank account contacted said there wrong idk
831,com.openreply.pam,Ella Jean,5,amazing app
832,com.openreply.pam,Mária Anežka Taurozzi,5,look incredible sight going premium membership
833,com.openreply.pam,Sara Duarte,5,believe finally available
834,com.openreply.pam,Maike Ringen,5,awesome content beautiful intuitive design useful functionality love
