,Package name,Reviewer name,Rating,Review
0,de.wger.flutter,Yulia B.,1,clicked register account website directed tried log app verified email got error formatexception unexpected character character
1,de.wger.flutter,Trent Bell,2,good start need major work
2,de.wger.flutter,Morgan Kinnaman,3,issue standardimperial input nice app setting unit preference account creation help unit updated bmi remains metric
3,de.wger.flutter,K R.,1,isnt working give handshakeexception handshake error client o error certificateverifyfailed certificate expiredhandshakeccthree fifty-nine error
4,de.wger.flutter,aditya Umak,4,dark theme eye burning
5,de.wger.flutter,Diego Alejandro Sarmiento Muñoz,5,like app strongly encourage developer working
6,de.wger.flutter,Alan Stewart,3,app good think need add example able view list workout app muscle groupequipment like website
7,de.wger.flutter,Chris S. E.,5,klasse app um sich seinen optimalen trainingsplan zu erstellen nur zu empfehlen
