,Package name,Reviewer name,Rating,Review
0,com.welzen.fasten,Patti Barnes,1,android got woops tried create account disappointing
1,com.welzen.fasten,Photis D. Mata,1,happened changed server log anymore
2,com.welzen.fasten,John McDermott,1,keep coming whoop error occurred try
3,com.welzen.fasten,Ciprian Banita,1,register im android
4,com.welzen.fasten,SilencedSaint,5,great app technical issue people having rate poorly think problem personally small handful apps actually download highly recommend
5,com.welzen.fasten,iriz “ziril” legaspi,5,app good request additional feature auto calculator calorie burned based bmi
6,com.welzen.fasten,Alejandro Croce,2,need updating potentially best fasting app day remembers measurement unit populates data welzen apps star sure
7,com.welzen.fasten,A Google user,2,tech issue stopped experience start
8,com.welzen.fasten,A Google user,1,paid logged access premium feature getting whoopsie emailed received answerover week disappointed terrible customer service like
9,com.welzen.fasten,A Google user,1,tried day trail payment setup thirteen use premium cancelled app day check card n took money plus sent email support team answer cancelled im pissed n im trying figure refund
10,com.welzen.fasten,A Google user,1,love subscribed unlocked tried uninstalling reinstalling doesnt work tried writing
11,com.welzen.fasten,A Google user,3,star actually use premium feature paid ive submitted ticket ask fix problem luck week
12,com.welzen.fasten,A Google user,1,paid premium error notification work restart phone stop
13,com.welzen.fasten,A Google user,1,star right tried premium keep saying woopsie went wrong check subscription google play say use premium thing get resolved ill change review hate delete giving try update review response review emailed yall twice gotten response im emailing app stink
14,com.welzen.fasten,A Google user,1,paid got whoop wrong unlocked tried register support page impossible say registered email password alternate contact detail realises issue contact bad app support horrible
15,com.welzen.fasten,A Google user,1,im unable premium feature keep saying oops paid subscription working trouble shooting week
16,com.welzen.fasten,A Google user,1,tried twice subscribe kept saying woopsie went wrong google account ready charge fee day said subscription active cancelled subscription looking
17,com.welzen.fasten,A Google user,2,like app love theme make fasting lil enjoyable dont like idea paying ninety-nine forced joing website think ninety-nine pricey highly recommend having option join apps thats wanted user offered smaller rate use fasting app extended fast think unfair premium user twenty-three hour
18,com.welzen.fasten,A Google user,5,best fasting tracker simple interface easy track usual sixty-eight intermittent fasting
19,com.welzen.fasten,A Google user,1,create account keep saying woopsie went wrong uninstalling stick app use
20,com.welzen.fasten,A Google user,5,perfect fasting tracker app definitely best tried use everyday
21,com.welzen.fasten,A Google user,2,ok app wont enjoy paid version
22,com.welzen.fasten,A Google user,5,like app able edit fast youre forgetful like rarely remember hit stopstart correct time fix spelling completed congratulation message end fast driving bonkers ta x
23,com.welzen.fasten,A Google user,1,pay app trail version misleading stated
24,com.welzen.fasten,A Google user,5,amazing app thank app easies sexiest way track intermittent fasting
25,com.welzen.fasten,A Google user,1,limited day
26,com.welzen.fasten,A Google user,3,better option hour clock change fast start time forget click start fasting time realize min ive fasting
27,com.welzen.fasten,A Google user,1,forgot password went reset told reset log apps
28,com.welzen.fasten,A Google user,5,enable twelvehrs clock hate twenty-fourhrs clockotherwise app cool
29,com.welzen.fasten,A Google user,1,want create account
30,com.welzen.fasten,A Google user,2,app pretty ive uninstall reinstall time keep resetting countdown timer
31,com.welzen.fasten,A Google user,1,wont allow forty-eight hour
32,com.welzen.fasten,A Google user,4,good easy use love adjust fast time unlike apps thing missing weight loss logchart perfect
