,Package name,Reviewer name,Rating,Review
0,com.strongware.stronglogs,David William,1,purchased subscription access advertised programsthere isnt program initial one available straight lied ill cancelling subscription
1,com.strongware.stronglogs,Anshuman k.o.k,5,incredible month ka subscription rakho ka
2,com.strongware.stronglogs,Lennart Nilsen,1,add program
3,com.strongware.stronglogs,Z A,5,amazing like
4,com.strongware.stronglogs,Matthew Requejo,5,app great good program start rep max program calculate working weight premium
5,com.strongware.stronglogs,Feliciano Garcia,3,pretend free asks membership download dont want pay
6,com.strongware.stronglogs,Duklide,5,use everyday ask better strength training app thank
