,Package name,Review,Polarity
0,com.openreply.pam,love pam app,0.5
1,com.openreply.pam,good,0.7
2,com.openreply.pam,free version great prize extra plan reasonable,0.35000000000000003
3,com.openreply.pam,amazing app organized useful thank,0.45000000000000007
4,com.openreply.pam,love app way start week stopped workout awhile id like start fresh work way harder workout,0.23333333333333336
5,com.openreply.pam,best,1.0
6,com.openreply.pam,total angel lucky pamela reason lot happiness living life way created lived,0.3444444444444444
7,com.openreply.pam,love app perfect,0.75
8,com.openreply.pam,"app convenient favorite app thousand , twenty-two keep telling subscribe wont play storeim subscribed",0.5
9,com.openreply.pam,thanks alot creating app pamsending love myanmar,0.35
10,com.openreply.pam,payed subscribtion order view recepcies book need additionally pay app good additional payment introduced include recepcies book subscribtion price delete app,0.7
11,com.openreply.pam,fav workout app,0.0
12,com.openreply.pam,best workout app,1.0
13,com.openreply.pam,good gaining strength,0.7
14,com.openreply.pam,app missing option change day workout rename day change calorie burned,-0.2
15,com.openreply.pam,amazing app worth definitely invest premium version later life thing app help organise fitness keep track thank pamela reif rock,0.22500000000000003
16,com.openreply.pam,updated app spend min open im work take time open,0.0
17,com.openreply.pam,downloaded app letting mark workout assumed maybe feature available premium version purchasing say connect google play billing service app billing supported country im fron pakistan way able purchase,0.45
18,com.openreply.pam,amazing,0.6000000000000001
19,com.openreply.pam,workout plan dont update automatically week samsung sten select new workout plan current week plan week plan selected week ago love pamelas workout fix issue great,0.3590909090909091
20,com.openreply.pam,app world improvement great id love vegan alternative meal plan probably pay subscription right dont feel like there point paying subscription use meal plan provided time plan unfortunately thanks hard work go,0.2988095238095238
21,com.openreply.pam,useless app,-0.5
22,com.openreply.pam,love app able select workout schedule weekly based levelwants love recipe section,0.5
23,com.openreply.pam,love app love pamela update weekly plan keep motivated update oneyear later love pam,0.375
24,com.openreply.pam,ich lieeeebe diese app ich mache ihre workout seit einem jahr und ich bin viel fiter geworden und mir geht e tat chlich auch seelisch besser seitdem ich mehr sport mache du kannst dir eigene pl ne erstellen und ich habe mir jetzt auch mittlerweile die pro version gekauft sehr fairer preis f r die guten rezepte nur sterne weil ich die video nicht der app ffnen kann oder sie total lange laden sonst perfekt,0.0
25,com.openreply.pam,incredible app great structure provides free workout plan amazing recipe,0.675
26,com.openreply.pam,perfect fitness app pamela amazing,0.8
27,com.openreply.pam,nice app amazing workout delicious recipe loved,0.7250000000000001
28,com.openreply.pam,app isnt opening video error started week ago,0.0
29,com.openreply.pam,glance love layout app clean app aesthetic term workout love pamelas workout challenging fun ive workout year youtube im stoked app tip mealsrecipes workout love planner update workout mixed nvm,0.38095238095238093
30,com.openreply.pam,love,0.5
31,com.openreply.pam,amazing best workout app till date,0.8
32,com.openreply.pam,great app living add feature show amount buy shopping list list functionality helpful workout fun food delicious personal plan function helpful,0.525
33,com.openreply.pam,love formatting color adorable super user friendly favorite feature able video planner plan week,0.45138888888888884
34,com.openreply.pam,love stopped loading reciepies annoying,-0.15000000000000002
35,com.openreply.pam,excellent day facing issue app working soon open preface show app open work facing problem able access workout plan fix,0.375
36,com.openreply.pam,app fitness creator apps unchaotic ad use free program limited u stay app watch video crashing organized neatly confusing easy use perfect daily update interactive design fun feature,0.25170068027210885
37,com.openreply.pam,dont sell pamela fekears personal belonging,0.0
38,com.openreply.pam,ive downloaded uninstalled fitness apps year pamela natcha oceane staple information workout routine pams app decided wanted schedule life video daily best simple app love custom update single week plan choose free ad bought subscription day,0.3047619047619048
39,com.openreply.pam,girl work hard best training video brilliant prepared work pamela result miss dont exercise sign wont disappointed,0.21458333333333335
40,com.openreply.pam,facebook,0.0
41,com.openreply.pam,love app,0.5
42,com.openreply.pam,amazing app amazing person additional feature consider shopping list add need example wanted shop week fact live far city quantity shopping list adding recipe added thank lot love,0.3872727272727273
43,com.openreply.pam,app help alot keeping track workout youve,0.0
44,com.openreply.pam,wonderful,1.0
45,com.openreply.pam,totally love,0.5
46,com.openreply.pam,great recipe app look greatsometimes app doesnt update workout day row worth,0.55
47,com.openreply.pam,app amazing especially customized workout plan use free version visualize detail recipe good thing thats disturbing functional medicine olistic article blog,0.24
48,com.openreply.pam,dont like increlable app,0.0
49,com.openreply.pam,motivating,0.0
50,com.openreply.pam,great app love,0.65
51,com.openreply.pam,like permission required setting,0.0
52,com.openreply.pam,app great comfortable use problem everyday workout updating example today tuesday show workout plan saturday uncomfortable plan workout hope issue fixed,0.12000000000000004
53,com.openreply.pam,absolutely love app pam amazing knowledge knowhow desire better world worth price,0.47500000000000003
54,com.openreply.pam,great app got perfect body day pams workout year half perfect feel comfortable,0.6066666666666667
55,com.openreply.pam,function working properly major think cool option switch day workout plan example saturday today nice option switch maybe kind save favourite day list favorite combo choose free day,0.41874999999999996
56,com.openreply.pam,easy use keep accountable workout love dont worry creating routine,0.4666666666666667
57,com.openreply.pam,love pam,0.5
58,com.openreply.pam,,0.0
59,com.openreply.pam,app fantasfic ull great recipe great workout menu schedule want love ur recipe n workout pam workout link youtube convinience,0.7000000000000001
60,com.openreply.pam,ok pam better everthe option amazing best fitness app ll need time time update designed experience better super easy use aesthetically pleasing,0.5523809523809524
61,com.openreply.pam,meal plan total disappointment single unlocked meal stare photo got ta free meal orelse free version useless watch video directly youtube,-0.03877551020408162
62,com.openreply.pam,love app wish add thing shopping list added measurement number need,0.5
63,com.openreply.pam,amazing,0.6000000000000001
64,com.openreply.pam,perfecttttttt,0.0
65,com.openreply.pam,love saved life,0.5
66,com.openreply.pam,great app love pamela,0.65
67,com.openreply.pam,good exercise plan userfriendly nice design content love,0.6
68,com.openreply.pam,extremely helpful,-0.125
69,com.openreply.pam,thanks helpful workout,0.2
70,com.openreply.pam,coololool,0.0
71,com.openreply.pam,bagus bgt dan efektif uda bulan pake workoutnya pamela dan work banget,0.0
72,com.openreply.pam,amazing,0.6000000000000001
73,com.openreply.pam,uninstalled tried best patient app long issue downloaded unresolved app take forever load,0.475
74,com.openreply.pam,month problem didnt solve update video work ok second video problem didnt want start tired tired wait,-0.07500000000000001
75,com.openreply.pam,absolutely love cheap use organise workout day bought purpose ended trying lot recepies liking deffinatley convinced buy cook book,0.45
76,com.openreply.pam,favorite workout app far,0.3
77,com.openreply.pam,there wrong app showing,-0.5
78,com.openreply.pam,omg yes thank,0.0
79,com.openreply.pam,highly recommend waiting long,0.055
80,com.openreply.pam,der inhalt ist gut finde die app aber etwas bersichtlich und berladen,0.0
81,com.openreply.pam,app keep crashing video screen xiaomi mi android,0.0
82,com.openreply.pam,lmao,0.6
83,com.openreply.pam,im love app great job pamela,0.65
84,com.openreply.pam,good app recommend,0.7
85,com.openreply.pam,content app amazing nicely setting pamela constantly adding exciting receipt intense workout plan active despite pandemic happy community continue use app thousand twenty-two,0.33809523809523817
86,com.openreply.pam,love,0.5
87,com.openreply.pam,love pam app slow bummer want breakfast pams recipe wait minute app load wan na quick lunch workout app app take lunch weekly plan im saying thing designed amazing love content man slowest app ive slower dialup,0.2388888888888889
88,com.openreply.pam,love love love app love pam literally need,0.5
89,com.openreply.pam,best app ive installedthank pamlove,1.0
90,com.openreply.pam,wowthis onest app sorted outamazing easily workout planned,0.43333333333333335
91,com.openreply.pam,die app war mal gut der buchcode loggt sich st ndig au mega nervig,0.0
92,com.openreply.pam,love favorite application,0.5
93,com.openreply.pam,app trendy sooooo aesthetic colour recipe app satisfying love app,0.5333333333333333
94,com.openreply.pam,loved app came recipe perfect useful functionsbut load content app month server ive tried deletung reinstalling luck ultimately cancel subscription access content anymore im sad seeing stagram cool new feature recipe available,0.29829545454545453
95,com.openreply.pam,like application annoying problem example check workout try rest day go infinity loading page hop developer fix bug application useful,-0.25
96,com.openreply.pam,narcissistic disgusting stop playing people perception monetary gain,-1.0
97,com.openreply.pam,youre wonderful start pam app intuitive use beautiful look congrats new app edit excited newest update able check workout enjoy confetti realized premium feature truly respect believe paid checkmarks paywall disappointing im afraid app people pay,0.2576704545454545
98,com.openreply.pam,love,0.5
99,com.openreply.pam,bug overall love fact tht stuff free,0.3
100,com.openreply.pam,love app excited try new meal plan annoying thing adding ingredient shopping list open recipie scroll click button personally great add ingredient meal plan shopping list open list able need ingredient based quick inventory buy need,0.20496632996632994
101,com.openreply.pam,probably best fitness experience ive beat vshred pninetyx workout week month time pam turn fun engaging experience wont board ive following workout year ive seen muscle definition,0.42500000000000004
102,com.openreply.pam,good,0.7
103,com.openreply.pam,workout changing,0.0
104,com.openreply.pam,workout plan section doesnt let choose workout option day love app workout plan dont variety advertised,0.5
105,com.openreply.pam,lovely app pamelahats,0.5
106,com.openreply.pam,fav app use recepie plan live iran maybe reason,0.13636363636363635
107,com.openreply.pam,amazing,0.6000000000000001
108,com.openreply.pam,e muy linda la app tiene recetas comida saludable tambien tiene dise o muy atractivo,0.0
109,com.openreply.pam,wow,0.1
110,com.openreply.pam,adore pam fitness industry im trying buy subscription app play store doesnt accept card tell buy subscription,0.0
111,com.openreply.pam,great appit get easy follow schedule brainstorming save lot time filter sort workout according need thanks pamela wonderful app hardwork,0.6083333333333334
112,com.openreply.pam,love girl pam design app make phone slow try use multi window feature phone go black lock unlock phone phone work matter app im app installed wish work better,0.13333333333333333
113,com.openreply.pam,loooove app,0.0
114,com.openreply.pam,odd pay app push people business purchase order information like isnt purchase place bit harsh tbh helpful workout prefer use instagram table app,-0.18333333333333335
115,com.openreply.pam,love pamela love app keep motivated,0.5
116,com.openreply.pam,app super cute pamel useful informative,0.37777777777777777
117,com.openreply.pam,issue youtube player video error occurred inizializing youtube player error connecting service,0.0
118,com.openreply.pam,annual subscription wasnt app canceled today realized charged monthly subscription dont know long charged monthly subscription dont think charged monthly annual subscription hope hear soon app okay havent pamelas workout recently complicated use nike training,-0.016666666666666663
119,com.openreply.pam,love easy use benefit recipe workout planning helped organize opinion hiit hrt program ro supplement heavy lifting took stress arranging one away honestly ive learned pamela,0.33333333333333337
120,com.openreply.pam,great home workout cast tv high quality content recipe fitness great music excuse work easy use,0.4286666666666667
121,com.openreply.pam,love theme app adorable enjoyed workout recipe pam,0.5
122,com.openreply.pam,,0.0
123,com.openreply.pam,love,0.5
124,com.openreply.pam,think better fair pause cancel subscription recepies paid stay unlocked great app,0.6666666666666666
125,com.openreply.pam,im willing switch premium user pam app want ask live india fourhrs n thirty min ahead german time premium user new workout day according indian time mean day start india new workout uploaded app accessible,0.10308441558441558
126,com.openreply.pam,good app giving lot value thank pam,0.7
127,com.openreply.pam,im premium user need happy like seriously payment,0.23333333333333336
128,com.openreply.pam,wonderful app thank pam youre best,1.0
129,com.openreply.pam,app totally amazing love food excercise note pam recommendation shopping list helpful shopping list added item needed shop dont recipe need,0.55
130,com.openreply.pam,app great love im trying update plan show error region general update left review sent email morning app working thanks pam great service,0.39166666666666666
131,com.openreply.pam,cool love,0.425
132,com.openreply.pam,super app love,0.41666666666666663
133,com.openreply.pam,excellent,1.0
134,com.openreply.pam,app great new update new workout week dont,0.3575757575757576
135,com.openreply.pam,unable update workout plan lot content workout recipe requires paid subscription annoyed start hoping workout work update plan annoying,-0.5666666666666668
136,com.openreply.pam,time app single day cooking recipe amazing working love planner simplicity year old son love pam doesnt adorable,0.35476190476190483
137,com.openreply.pam,overall excellent aap,0.5
138,com.openreply.pam,,0.0
139,com.openreply.pam,love pam love pam app,0.5
140,com.openreply.pam,like suggestion great insert button checkbox workout feel great think thank actually implementing felt good buying app year stopped working know unfortunate confidence bit frustrating content load endlessly main frame visible reinstalling work o android google pixethreea,0.22380952380952382
141,com.openreply.pam,love lady thank motivation,0.5
142,com.openreply.pam,play video workout starting second video loadingwhich hugely inconvenient switch youtube finish workout wouldnt recommend based,-0.19999999999999998
143,com.openreply.pam,amazing app recommend,0.6000000000000001
144,com.openreply.pam,despite subscribed lot missing recipe doesnt reason realized missing remember pam showing ig search show connection error retry internet connection internet working completely fine hope get fixed soon,0.029166666666666667
145,com.openreply.pam,watch video app error occurred initializing youtube player problem persists update,0.0
146,com.openreply.pam,best app till date,1.0
147,com.openreply.pam,like app easy use app like app thank pamela reif,0.43333333333333335
148,com.openreply.pam,workout supposed update week doesnt,0.0
149,com.openreply.pam,app great start past week app wont let refresh pick workout following week im picking workout know isnt bad like know picked section,-0.03749999999999995
150,com.openreply.pam,recommended,0.0
151,com.openreply.pam,loved app havent able load workout plan week say resource exist tried uninstalling redownloading doesnt work anymore,0.6
152,com.openreply.pam,love,0.5
153,com.openreply.pam,lovveeeeee,0.0
154,com.openreply.pam,bestest workout app,0.0
155,com.openreply.pam,dont buy workout internet recipe unique expensive obvious thing,-0.041666666666666664
156,com.openreply.pam,yakes,0.0
157,com.openreply.pam,love app sadly recipe cookbook bought wont load havent day purchasing answering email dont know fix problem,0.0
158,com.openreply.pam,love google fit integration,0.45
159,com.openreply.pam,like app think big app dont place phone update course pay like app thank pam working sixpack helped quarantine went healthy lifestylethree,0.25
160,com.openreply.pam,work pam year enjoy app easy use fun good workout different level measure exercise point plan tracking modification like youre week validate create different plan cancelling week bit confused,0.20476190476190473
161,com.openreply.pam,keeping,0.0
162,com.openreply.pam,love,0.5
163,com.openreply.pam,love wish free pam vip nice highly recommend,0.415
164,com.openreply.pam,love pam morocco,0.5
165,com.openreply.pam,love recipe dont im unable premium weekly program paid onemonth subscription updated recepies unlocked workout,0.0
166,com.openreply.pam,lovely apps,0.5
167,com.openreply.pam,like recipe good tedious troublesome manually update weekly new workout wont change dont think worthy want track workout journey wont saved star workout plan refresh automatically week dont set,0.16742424242424242
168,com.openreply.pam,user experience sort difficulty related connectivity stuff like use vpn great app,0.4
169,com.openreply.pam,love app amazing customizable handy easy use,0.5333333333333334
170,com.openreply.pam,app downloaded paid expensive ingredient recipe complicated looove information recipe substitute ingredient absolutely live app anymore,-0.2878787878787879
171,com.openreply.pam,helpful,0.0
172,com.openreply.pam,incredibly great love use video recipe maybe live iran unfortunately watching video use vpn wish living country wont face problem,0.23409090909090913
173,com.openreply.pam,lifechanging app problem apply filter choosing certain workout say input parameter missing tried redownload app changed,0.007142857142857131
174,com.openreply.pam,pam app amazing rating app cause give incredible motivation everyday workout sincerely grateful happy app invented im thankful talk use app worry cause easy use perfect rating,0.5761904761904761
175,com.openreply.pam,absolutely love pam workout,0.5
176,com.openreply.pam,premium access doesnt work anymore changed phone reply email use atm great app yes im account google store im logged,0.8
177,com.openreply.pam,love app itd great calorie counter know consuming day recipe exercise burned workout track weight loss goal,0.65
178,com.openreply.pam,love app love color love function love pam,0.5
179,com.openreply.pam,pamela deine app ist einfach der hammer mach bitte weiter mir w rde sehr gefallen fall du die app eine sprachauswahl hinzuf gen k nntest w wundervoll diese selbst auszusuchen,0.0
180,com.openreply.pam,app amazing doesnt limited premium offer easy way shopping workout equipment dont know pamela reif workout meal scrumptios healthy workout intense different type plan set pam want set plan font neat clear helpful blog ad download amazing guy spoiler,0.2952380952380953
181,com.openreply.pam,definitely love app thank pamela start totally healthy lifestyle,0.5
182,com.openreply.pam,access content paid subscriptionwhat,0.0
183,com.openreply.pam,perfect pam,1.0
184,com.openreply.pam,enjoy app use workout longest time start bugging twenty-three workout video tried wifi data tried different daysi tried use month issue persists,0.2
185,com.openreply.pam,,0.0
186,com.openreply.pam,love exercise,0.5
187,com.openreply.pam,nice design helpful workout plan nice track finished workout session day day deleted new session planned,0.4454545454545455
188,com.openreply.pam,feel like app great scheduling workout simply doesnt work phone isnt old definitely new think app wasnt tested older android device crash freeze phone overall make unusable want use app literally wont let tried installing different time end phone crashing,0.17186147186147188
189,com.openreply.pam,amazing,0.6000000000000001
190,com.openreply.pam,app free training program awesome paid version reasonably priced includes recipe blog,0.5333333333333333
191,com.openreply.pam,great content bad connectivity take age load time,0.0500000000000001
192,com.openreply.pam,love app pam,0.5
193,com.openreply.pam,app soo cute pamela rief especially fav person thousand nineteen workout helped alot challenge long journey love recommend app friend joke swear,0.2375
194,com.openreply.pam,writing feedback usage app month thought downloading paying subscription took monthly subscription inr detail recipe rarely ingredient detail workout filter show check internet connection point faced till point add later adore pamela putting lot effort world fit healthy workout use youtube instead,0.3
195,com.openreply.pam,excellent,1.0
196,com.openreply.pam,awesome helpful app favourite pamela,1.0
197,com.openreply.pam,aesthetic beautifully job perfectly like update set reminder time work thing free user post blog separate page,0.75
198,com.openreply.pam,love app helped organise time like workout eat everyday thank creating app,0.15
199,com.openreply.pam,amazing app excellent experience mustshould definitely try worth thank pamela rief,0.47500000000000003
200,com.openreply.pam,amazing,0.6000000000000001
201,com.openreply.pam,love love love workout plan,0.5
202,com.openreply.pam,use app workout work fine easy use intuitive pleasant look nice able mark workout doneonly premium membership available,0.513888888888889
203,com.openreply.pam,amazing totally loooove pamela app total example hardwork determination,0.20000000000000004
204,com.openreply.pam,pamela reif woman effort clearly everyday ig story shes hard working passionate thing shes love cheer success pam ily,0.05166666666666665
205,com.openreply.pam,looking feature common use case register measurementsphotosweight goal progress positive way app place accountable food workoutwise result love integrated star,0.14242424242424243
206,com.openreply.pam,love app glitch app unable check recipe dish kindly advice resolve thanks lot advance,0.2
207,com.openreply.pam,ok,0.5
208,com.openreply.pam,app crash close apart good,0.7
209,com.openreply.pam,love,0.5
210,com.openreply.pam,app great pay service good workout youtube channel recipe easy internet tiktok information guide give internet free,0.5833333333333334
211,com.openreply.pam,app make workout plan easier unlike separate playlist youtube recipe chef kiss lastly blog helpful workout hero pam inspire better eat better live fullest dont tired helping woman like life new meaning energy,0.14545454545454542
212,com.openreply.pam,amazing app helpful,0.6000000000000001
213,com.openreply.pam,came yt channel loving app pam work damn hard follower quality content genuinely show best absolutely free subscription reasonably priced affordable purchasing soon thanks wonderful app fitness inspo,0.4385416666666667
214,com.openreply.pam,app wonderful wonderful awesome helped thanks pamela,0.8
215,com.openreply.pam,best,1.0
216,com.openreply.pam,access recipe paid subscription,0.0
217,com.openreply.pam,loveee pam helped lot achieve goal getting fit happy load love,0.5666666666666668
218,com.openreply.pam,app perfect,1.0
219,com.openreply.pam,love,0.5
220,com.openreply.pam,nice app help fit healthy thats lacking day love pam love india,0.5
221,com.openreply.pam,fave app far recipe idea workout,0.1
222,com.openreply.pam,amazing feature easy use recommendation comment section program reset week program interact love know thr samr program feeling,0.5111111111111112
223,com.openreply.pam,thank pam work dedication app showinf love d like blog post,0.5
224,com.openreply.pam,wow,0.1
225,com.openreply.pam,nice app,0.6
226,com.openreply.pam,love app,0.5
227,com.openreply.pam,love,0.5
228,com.openreply.pam,premium worth price love recipe blog app easy use,0.41111111111111115
229,com.openreply.pam,video work out play huawei kind error disappear,0.6
230,com.openreply.pam,like app ill probably cancel subscription there option download video paid version internet isnt great there frustrating having video stop mid workout option download couple workout ill gladly paying star,-0.016666666666666663
231,com.openreply.pam,love app totally amazing purchased subscription yesterday say unlock content google play say subscription annoying thinking deleting,0.10000000000000002
232,com.openreply.pam,great app spending money,0.8
233,com.openreply.pam,good job recipe delicious workout help kill lot calorie muscle,0.85
234,com.openreply.pam,great able access premium content paid whats going onnn,0.65
235,com.openreply.pam,awesome app fave fourmonths pamelas workout hope add feature like add workout plan sunday goal recording weight preference comparison picture moreeee thanks pam,0.6
236,com.openreply.pam,pamela team amazing job super thankful workoutsrecipesblogs place greek hug,0.3111111111111111
237,com.openreply.pam,bug app preventing accessing premiumpaid feature day money feel wasted,-0.2
238,com.openreply.pam,easy use gorgeous pic,0.5666666666666667
239,com.openreply.pam,app working perfectly love couple day issue open withme general,0.18333333333333335
240,com.openreply.pam,love app bug,0.5
241,com.openreply.pam,excellent easy use glutesabsarmslegs great music love workout talk exercise thank pam,0.6833333333333333
242,com.openreply.pam,adore workours,0.0
243,com.openreply.pam,recommend nice app designed interesting material inspiration thing like recipe plan paid exceptable,0.55
244,com.openreply.pam,app amazing pam amazing lot free version paid version way better perfect life saver changer actually,0.5166666666666667
245,com.openreply.pam,amazing app,0.6000000000000001
246,com.openreply.pam,worth,0.3
247,com.openreply.pam,thing fav app forever,0.0
248,com.openreply.pam,best app,1.0
249,com.openreply.pam,new update nice experience,0.36818181818181817
250,com.openreply.pam,parfect app,0.0
251,com.openreply.pam,,0.0
252,com.openreply.pam,love app unpaid version working video clicking keep buffering youtube searching particular exercise overall m satisfied,0.2733333333333333
253,com.openreply.pam,decent app need tweak look little professional,0.02638888888888889
254,com.openreply.pam,love app workout require membership plan dont want pay thought workout free click checkmark switch activity kept saying pay membership use feature,0.45
255,com.openreply.pam,ara excellent pamloves georgia,1.0
256,com.openreply.pam,access content inspite paying subscription app support isnt helpful day waiting response cancellation expected better,0.2
257,com.openreply.pam,helpful weight loss journey,0.0
258,com.openreply.pam,app month faced problem know week workout showing plan click plan message went wrong check internet connection try later hope issue resolved soon update work great right thank,0.14642857142857144
259,com.openreply.pam,amazing app,0.6000000000000001
260,com.openreply.pam,daily workout plan available show error,0.2
261,com.openreply.pam,app amazing unable pay premium version matter try keep showing error unable access minute workout plan unable delete account sign alternate email pay upsetting,-0.18
262,com.openreply.pam,big fan workout useful help lose lot weight installed pam app helped lot thank great video recipe sister love channel thanks,0.36
263,com.openreply.pam,app working try workout plan say resource doesnt exist unistalled app workout youtube directly,0.1
264,com.openreply.pam,great app workout plan longer open,0.4
265,com.openreply.pam,access workout plan free version anymore,0.4
266,com.openreply.pam,app working fine far week having problem workout click workout plan try edit message saying went wrong requested resource exist hope sorted soon like having workout available having select plan,0.10416666666666669
267,com.openreply.pam,little content thats free,0.10625000000000001
268,com.openreply.pam,informative helpful,0.0
269,com.openreply.pam,ive app day launched didnt pay subscription im interested workout plan dont work anymore regardless try access error say went wrong im bit disappointed new premium user recipe new feature sad ill uninstall app day workout plan unavailable useless,-0.27840909090909094
270,com.openreply.pam,app good free tge service good,0.6
271,com.openreply.pam,click pop resource exist im guessing pay view stuff app disappointing basic feature packaged free version,-0.06666666666666665
272,com.openreply.pam,amazing,0.6000000000000001
273,com.openreply.pam,worth pam best thing happened app getting better short love,0.45999999999999996
274,com.openreply.pam,love app topic app soo organized create workout plan follow pams workout routinethere healthy food recipe app recipe clearly written recommend app thank pam,0.3666666666666667
275,com.openreply.pam,good pam love workout love stuff unfair new update isnt catering free customer bad free recipe certain access blog stuff new update make sense paid user,0.17870129870129872
276,com.openreply.pam,alot video play app black screen spinning circle recipe porridge personally dont think watch ad video spent thirty easy access,0.04166666666666667
277,com.openreply.pam,love app far tried recipe delicious helpful possible screen workout app smart tv chrome cast,0.3628571428571429
278,com.openreply.pam,hey pam sorry asking im new app clicked checkmark asked purchase app mean checkmarks purchased,-0.22537878787878787
279,com.openreply.pam,updated app checkmarks click checkmark show join community checkmark function people purchased,0.0
280,com.openreply.pam,update app doesnt latest day tuesday home screen showing thousand sweaty hang lot qnd take long time refresh,0.225
281,com.openreply.pam,love app thank pam helping achieve healthy lifestyle free,0.4666666666666666
282,com.openreply.pam,super easy use workout sooo great far best workout app ive free great job pam,0.5523809523809524
283,com.openreply.pam,love pam silent beautiful music sooo good,0.5125
284,com.openreply.pam,love app make working soooo easier,0.5
285,com.openreply.pam,cool app appreciate buggy fixed checkmark work purchase subscription doesnt work,0.22499999999999998
286,com.openreply.pam,workout plan check option amazing,0.6000000000000001
287,com.openreply.pam,love app change review workout home page match chosen plan workout section edit guess push harder workout d,0.2
288,com.openreply.pam,love workout,0.5
289,com.openreply.pam,edited access workout work fine like app,0.4166666666666667
290,com.openreply.pam,love app,0.5
291,com.openreply.pam,love app update watch video app love addition confetti checkmark make feel accomplished recipe quick easy delicious thank pamela,0.49444444444444446
292,com.openreply.pam,taken subscription tenth forty-fivemins weight sixtymins hardcore exercise availablethis disappointingplease help,0.0
293,com.openreply.pam,load video,0.0
294,com.openreply.pam,love recipe workout plan,0.5
295,com.openreply.pam,love app easy use great feature helpful think having option casting video tv ex google chromecast easier follow bigger screen home,0.43333333333333335
296,com.openreply.pam,great app ton amazing workout different level yummy recipe highly recommended,0.39
297,com.openreply.pam,okay officially best fitness app need set daily plan daily meal plan app doesnt look miserable there beginner advanced level workout mix dancing strength workout love mention amazing recipe mix match week run new breakfast lunch dinner idea love star pam,0.2636363636363636
298,com.openreply.pam,love pamela workout routine good love,0.5666666666666667
299,com.openreply.pam,stuff insta yt rest pay wall workout plan little organized designed spending money,-0.1875
300,com.openreply.pam,like pam app,0.0
301,com.openreply.pam,best fitness app tried,1.0
302,com.openreply.pam,change previous rating app play portrait mode video play love aesthetic,0.16666666666666669
303,com.openreply.pam,im able view ingredient step recipe paid app dissapointing fix bug,0.5
304,com.openreply.pam,love having different workout plan week like having pt definitely bug video wont load app youtube,0.16666666666666666
305,com.openreply.pam,great tick workout completed,0.8
306,com.openreply.pam,variety weekly workout schedule recipesthis app got motivated blog pamela shared personal experience toothis app changed life,0.0
307,com.openreply.pam,pamela need ask u workout good app recommend,0.7
308,com.openreply.pam,im premium version gmteight timezone annoying bug new workout isnt available app youtube started app say video private watch youtube video isnt youtube get available working hour germany im aheadno access app crash couple time workout time workout day main screen doesnt match actual workout plan,0.04329004329004328
309,com.openreply.pam,perfect love app,0.75
310,com.openreply.pam,amazing,0.6000000000000001
311,com.openreply.pam,im love app,0.5
312,com.openreply.pam,designed thing bit slow load wish free option,0.04999999999999999
313,com.openreply.pam,,0.0
314,com.openreply.pam,designed aesthetically pleasing unfortunately ton bug lately workout wont load app crash midworkout frustrating workout match day plan paid premium access use recipe workout functionality pain,-0.4000000000000001
315,com.openreply.pam,love love loveee video youtube app app good workout plan level thank sooo sharing free pamela love india,0.52
316,com.openreply.pam,great app congratulation pamela,0.8
317,com.openreply.pam,possible add grammiligram measurement oz recipe little challenging having calculate measurement,0.10416666666666667
318,com.openreply.pam,love pammmm,0.5
319,com.openreply.pam,best app donloaded period better come fittness healthy apps,0.6666666666666666
320,com.openreply.pam,app new come hiccup workout home screen new stuff pam post lately showing wrong day day wrong day wonder app time zone way different today workout day ago closing reopening doesnt work app feedback glitch error use app everyday,-0.17532467532467533
321,com.openreply.pam,pam app wow,0.1
322,com.openreply.pam,love,0.5
323,com.openreply.pam,love pam app like meal keto recipe greate user add hisher familiar recipe meal meal plan,0.4375
324,com.openreply.pam,love app resourceful helpful,0.55
325,com.openreply.pam,app make easy follow workout plan especially personally downloaded instagram weekly plan accessible app visually pleasing filled free content,0.26805555555555555
326,com.openreply.pam,youve following pam instagram app simplify thing id like option check workout accomplished week,0.1
327,com.openreply.pam,great meal workout plan love,0.65
328,com.openreply.pam,love app pam rock,0.5
329,com.openreply.pam,love pam,0.5
330,com.openreply.pam,besttttt,0.0
331,com.openreply.pam,love app im strickly following workout plan im interested trying recipe trouble subscribingan error accures dont know cuz use card difficulty decided buy pams cook book app say purchased book dont recipe app like,0.1375
332,com.openreply.pam,extraordinary app,0.3333333333333333
333,com.openreply.pam,new update added cookbook tag helpful thank purchased deserve book directly app idea view access content recipe nutrition knowledge section app help,0.11818181818181818
334,com.openreply.pam,great app click workout video screen app crash phone restarts automatically think thats annoying,0.0
335,com.openreply.pam,love app organised recipe delicious layout workout section new update absolutely amazing im love recipe arent clear explained think help picture way consistency food example oat crumble bite,0.4727272727272727
336,com.openreply.pam,perfect app perfect lifestyle,1.0
337,com.openreply.pam,baby gal thank u caring fan love u lot,0.5
338,com.openreply.pam,simply best,1.0
339,com.openreply.pam,love pam workout,0.5
340,com.openreply.pam,effective p fan year downloaded app recently im enjoying,0.55
341,com.openreply.pam,app keep getting better better thank pam youre amazing,0.5333333333333333
342,com.openreply.pam,best exercise music smile motivates bought book love,0.6
343,com.openreply.pam,great,0.8
344,com.openreply.pam,absolutely love app love work out receipes easy follow,0.4777777777777778
345,com.openreply.pam,pamela reif like angel,0.0
346,com.openreply.pam,didnt like necause evrything cost money wanted fav workout youtuber eats,0.0
347,com.openreply.pam,love app brings thing love follow miss pamela convient app absolutely brilliant changed view health treating body temple year loved seeing positive physical progress ive challenging bubble butt day focusing helping achieve physical goal fantastic good work pam love,0.4479338842975206
348,com.openreply.pam,excellent love pam,0.75
349,com.openreply.pam,pam inspires better version truly,0.5
350,com.openreply.pam,best app subscription affordable definitely recommend,0.5
351,com.openreply.pam,id app amazing give lot customization workout recipe available subscription pretty affordable thing recipe particular available region world suggest pamela create sort section recipe according continental choice thats,0.3633333333333334
352,com.openreply.pam,amazing absolutely love,0.55
353,com.openreply.pam,absolutely love exactly needed routine,0.375
354,com.openreply.pam,great app help strong toned recruited simple use visually fascinating,0.48333333333333334
355,com.openreply.pam,absolutely love,0.5
356,com.openreply.pam,useful,0.3
357,com.openreply.pam,good app love,0.6
358,com.openreply.pam,hi gave star tried app iphone feature amazing unfortunately galaxy seight app keep crashing ui start work difficult close running program close app go normal ive written email address given havent got answer help nice day,0.07000000000000002
359,com.openreply.pam,totally love app subscription perfectly priced recipe amazing given workout schedule nice structured,0.675
360,com.openreply.pam,loved itt,0.7
361,com.openreply.pam,im genuinely happy pamela changed life focus shifting health feel look think thats greatest achievement ive life,0.9
362,com.openreply.pam,best fitness app,1.0
363,com.openreply.pam,perfect helpful enjoy healthy lifestyle wonderful app thx pamela,0.725
364,com.openreply.pam,nice app,0.6
365,com.openreply.pam,lowkey fall love app helped thankyou pamela oh suggestion plan beginner intermediate advance knee friendly workout appraciated danke love,0.4583333333333333
366,com.openreply.pam,,0.0
367,com.openreply.pam,like app,0.0
368,com.openreply.pam,loved app new update unable open workout plan work normally try open workout plan thrown app receive message pam keep stopping close app send feedback,0.08106060606060606
369,com.openreply.pam,love,0.5
370,com.openreply.pam,pam truly inspirational motivating workout worked glad video seamlessly integrates exercise workout engages area want work dance video best there better exercising smile face,0.48333333333333334
371,com.openreply.pam,awesome,1.0
372,com.openreply.pam,love soo,0.5
373,com.openreply.pam,,0.0
374,com.openreply.pam,looooove pam app getting better better,0.5
375,com.openreply.pam,app amazing organizedbutunfortunately recent updatei reach workout plan app stopping glad healthier simplicity hoping issue solved,0.3666666666666667
376,com.openreply.pam,update app crash use properly,0.0
377,com.openreply.pam,great,0.8
378,com.openreply.pam,hi app good support pam update new version new plan want open label workout plan stopped send messagethe app stopped tried time work,0.24318181818181817
379,com.openreply.pam,app doesnt update latest version new workout planning feature free version limited recipe,0.24123376623376624
380,com.openreply.pam,love like pay ideal thats possible netherlands,0.4666666666666666
381,com.openreply.pam,love app lot thing dont like fact free plan lot porridge recipe lunchdinner recipe easier option breakfast doesnt like porridge use recipe provided workout,0.45
382,com.openreply.pam,u wan na ur best ur workout u definitely need pams thnx pam ur best,0.45
383,com.openreply.pam,love pam helped balance melas start working im grateful app,0.5
384,com.openreply.pam,select workout plan request pls check,0.0
385,com.openreply.pam,love single app contains eveything fitness blogsrecipesworkouts design pretty perfection pam,0.2261904761904762
386,com.openreply.pam,love app needed love pamela reif sunshine,0.5
387,com.openreply.pam,love app pams video workout program place good job,0.6
388,com.openreply.pam,workout video load close app clear memory open time work overall great app love content thats issue moment,0.27999999999999997
389,com.openreply.pam,amazing,0.6000000000000001
390,com.openreply.pam,straight forward simple use love pams workout free,0.275
391,com.openreply.pam,thank pam,0.0
392,com.openreply.pam,love pams workout app great user friendly soooooo pretty workout plan helpful effective feel like ive better workout pams workout plan home spending hour gym thank pam,0.5041666666666667
393,com.openreply.pam,loved,0.7
394,com.openreply.pam,great recipe love interactive shopping list looking forward seeing app develops,0.65
395,com.openreply.pam,yumm,0.0
396,com.openreply.pam,amazing app live use imperial measurment setting change metric imperial helpful wish ability change heat celsius fahrenheit love app recipe yummy healthy app easy navigate,0.43393939393939396
397,com.openreply.pam,im big fan shes amazing app make easier love pam,0.3666666666666667
398,com.openreply.pam,elegant app like nice easy use recipe vegan,0.5111111111111112
399,com.openreply.pam,love,0.5
400,com.openreply.pam,love grafic design mint soft make feel workout eat healthy,0.3666666666666667
401,com.openreply.pam,plan,0.0
402,com.openreply.pam,pamela reif,0.0
403,com.openreply.pam,great app,0.8
404,com.openreply.pam,pay premium service use different payment method say unknown billing issue thats,-0.05
405,com.openreply.pam,amazing changed way feel im happier,0.6000000000000001
406,com.openreply.pam,star little yo amazing app thank pamela changed life,0.20625000000000004
407,com.openreply.pam,love,0.5
408,com.openreply.pam,amazing app lot recipe weekly update lot vegan option loving blog getting know healthier lifestyle issue app resolved swiftly congrats amazing app thank xx,0.6000000000000001
409,com.openreply.pam,google playstore wont let purchase app credit available wont let use,0.4
410,com.openreply.pam,thought pams meal plan updated week doesnt workout plan updated weekly need recipe recipe information clear like portion chocolate chip cooky piece cooky nutrient cooky piece portion good easy use app,0.41111111111111115
411,com.openreply.pam,im excited try app tell quality creating,0.375
412,com.openreply.pam,love,0.5
413,com.openreply.pam,perfect app,1.0
414,com.openreply.pam,app work wifi,0.0
415,com.openreply.pam,app work great motivates accomplish daily workout thanks personal plan organize need discipline come meal prepping pam app definitely amazing,0.32
416,com.openreply.pam,great,0.8
417,com.openreply.pam,human human angel haha app amazing tried nearly half recipe turned delicious terrible cook mean vegan thats euro month whaaat,0.04010416666666666
418,com.openreply.pam,think nicely designed app lot potential thing im missing plant based recipe,0.13333333333333333
419,com.openreply.pam,need phone notification custom workout plan personally like notified im work,0.0
420,com.openreply.pam,amazing love feature design beautiful,0.65
421,com.openreply.pam,fantastic app issue use recipe fit family,0.4
422,com.openreply.pam,klasse aber ich wollte frage warum die app ist nur auf englisch warum keine deutsch,0.0
423,com.openreply.pam,love design,0.5
424,com.openreply.pam,believe app available goa india working perfectly fine effective excerise thd app guide thats required fitt lovely receipes hardcore workout,0.47916666666666663
425,com.openreply.pam,app amazing helping,0.6000000000000001
426,com.openreply.pam,great app easy use im loving trying new recipe week,0.49242424242424243
427,com.openreply.pam,training yearsmostly cardio happy weight git toned j wanted start training app transformed body quick kid gave birth twin month ago normal weight pregnancy size eightuk toned right thanks workout good thing workout fun challenging great music star,0.4521164021164021
428,com.openreply.pam,nice app,0.6
429,com.openreply.pam,die app ist echt toll ich benutze vor allem den workout planer da w e total cool wenn er kalenderform w soda man zb schon mehrere wochen im voraus planen kann,0.175
430,com.openreply.pam,thank pam thanks app changing lifestyle easier,0.2
431,com.openreply.pam,best app eating healthy food working pamela app perfect,0.8333333333333334
432,com.openreply.pam,lovely organized recipies tasty easy constructive feedback able save recipies tried loved seperate list easier access right save later list,0.40317460317460313
433,com.openreply.pam,e sind nur soooo wenige rezepte kostenlos verf gbar wirklich rgerlich,0.0
434,com.openreply.pam,love app great recipe issue messaged team helped solve great app great customer support,0.7250000000000001
435,com.openreply.pam,great app look nice,0.7
436,com.openreply.pam,love app easy plan schedule recipe workout create shopping list wish savoury option recipe having upgrade,0.4666666666666667
437,com.openreply.pam,love,0.5
438,com.openreply.pam,helpful app,0.0
439,com.openreply.pam,needed d,0.0
440,com.openreply.pam,pam sweet lovable personality make want workout make workout feel manageable app make working eating healthy easier encouraged try new food push limit,0.3715909090909091
441,com.openreply.pam,love app started free version decided pay stuff happy pam inspiring person,0.55
442,com.openreply.pam,wish app earlier super amazing im talking software dev perspective,0.3111111111111111
443,com.openreply.pam,worth premium membership option limitless content free limited content amazing totally useful dozen recipe workout youtube ad planner cute doesnt technically work good phone,0.3410714285714286
444,com.openreply.pam,wow,0.1
445,com.openreply.pam,pams workout thee best internet ive tried recipe theyre actually great im pleased recipe vegetarian vegan friendly im conscientious objector getting increaaed definition helped aithmy confidence model foolproof,0.66875
446,com.openreply.pam,app lovely perfect design simple use content premium bit overrated aside sweet dish worth paying especially dont eat meat there vegan recipe lunchdinner definitely oat recipe mean oat great fun healthy making oat variety way day nonvegan folk guess pretty cool blog,0.31057692307692303
447,com.openreply.pam,app perfect pam keep motivated excited help organise meal workout bonus pams informative blog loved love pam,0.64375
448,com.openreply.pam,thank workout program,0.0
449,com.openreply.pam,great app love recipe ive wanting eat healthier knew start able recipe app great motivating know app new added love able progress report able upload photo current weight add daily calorie able add extra stuff coffeewater day,0.3946969696969697
450,com.openreply.pam,app keep saying connection issue super annoying able open apps function keen use say check connection wouldnt able redownload app didnt work post internet connection update sorry realised problem university wifi wont let use app use internet sending love pam,0.07619047619047617
451,com.openreply.pam,love app,0.5
452,com.openreply.pam,pam u didnt include ur workout program u upload ur instagram,0.0
453,com.openreply.pam,didnt downloading al tho love pamela ur workout yt thats im def giving u star love pamela,0.5
454,com.openreply.pam,love spend time app maybe add naturally pam product puma collection evrything handle stay updated amazing xoxo lot love india,0.42500000000000004
455,com.openreply.pam,like app lot great thing purchase subscription doesnt let say unknown billing error apps love vegan recipe,0.4000000000000001
456,com.openreply.pam,brilliant app suggestion workout student work min break appreciate kickboxing workout study break workout,0.9
457,com.openreply.pam,problem want purchase premium version info card asks password god know password tried single password know phone pin pin card tried doesnt work need guidance,-0.07142857142857142
458,com.openreply.pam,love pam literally yummiest recipe,0.5
459,com.openreply.pam,unlocking paid content recipe displayed twice ok bit irritating browsing recipe,0.04999999999999999
460,com.openreply.pam,amazing app food inspiration,0.6000000000000001
461,com.openreply.pam,app amazing thank pamela,0.6000000000000001
462,com.openreply.pam,excellent app ive learned cook thank pamela,1.0
463,com.openreply.pam,help app look cool love design unfortunately access video written error occurred initializing youtube player updated youtube delete install doesnt work help,0.11666666666666665
464,com.openreply.pam,amazing,0.6000000000000001
465,com.openreply.pam,love pam,0.5
466,com.openreply.pam,update crashing phone install app phone keep crashing unfortunately make impossible use pam app bad look amazing love pam workout,-0.15333333333333324
467,com.openreply.pam,dont regret paying money affordable pamela helped workout problem food guess try eat cleaner thanks pam absolutely loving,0.4
468,com.openreply.pam,looove app easy use place,0.43333333333333335
469,com.openreply.pam,ich liebe diese app leider ist mir aufgefallen das man bei android jedes workout nur einmal pro woche den plan einf gen kann ich hoffe diese kritik f llt dir auf pam und du kannst e beheben deshalb auch trotzdem die,0.0
470,com.openreply.pam,exciting,0.3
471,com.openreply.pam,amazing,0.6000000000000001
472,com.openreply.pam,absolutely incredible app amazing recipe access workout intelligent userfriendly feature app free version great highly recommend subscription love,0.5942857142857143
473,com.openreply.pam,amazing app love workout program lot free content cheap subscription,0.475
474,com.openreply.pam,amazin,0.0
475,com.openreply.pam,love includes needed fitness,0.5
476,com.openreply.pam,todo lo que tiene que ver esta mujer e hermoso y perfecto,0.0
477,com.openreply.pam,love love love love,0.5
478,com.openreply.pam,love yummy recipies,0.5
479,com.openreply.pam,beautiful,0.85
480,com.openreply.pam,love app idea update convenient added item recipe grocery list quantity displayed grocery list,0.5
481,com.openreply.pam,love app helpful friendly use love feature,0.4583333333333333
482,com.openreply.pam,start plan,0.0
483,com.openreply.pam,love amazing app good job pam,0.6
484,com.openreply.pam,,0.0
485,com.openreply.pam,best,1.0
486,com.openreply.pam,love app far recently im able access pams forty-five min strength plan available app instead show workout plan posted instagramthe add pam workout plan doesnt helpit show plan instagramthis disappointment issue fixed great im soley app strength plan,0.2571428571428572
487,com.openreply.pam,amazing love love pam,0.5333333333333333
488,com.openreply.pam,love,0.5
489,com.openreply.pam,love app day use crash everytime try open stay like charging forever ive installed new update uninstall reinstalled app time,0.21212121212121213
490,com.openreply.pam,like app,0.0
491,com.openreply.pam,amazing app worth download,0.45000000000000007
492,com.openreply.pam,enjoying app app say day im day thing yesterday update suggestion,0.5
493,com.openreply.pam,idk happens everytome try open app crash main page downloaded uninstalled threex,0.08333333333333333
494,com.openreply.pam,loving app easy beautiful ui recipe delicious article informative workout effective like suggest sorting feature shopping list way arrange ingredient type dry wet veggie,0.47380952380952385
495,com.openreply.pam,love app lot cute scream care open pam posting healthy tip new workout place bit suggestion add place write recipe awesome recipe inspired pams place tend forget recipe lot small memo note space definitely awesome,0.42329545454545453
496,com.openreply.pam,best app maintain healthy lifestyle showed eating benefit eating healthy moderation key healthy life,0.5
497,com.openreply.pam,organized,0.0
498,com.openreply.pam,love recipe workout nice app,0.55
499,com.openreply.pam,love app love pamela thank hardwork create literally use app use instagram learned purchased recipe book subscribed worth money isnt lot money,0.43333333333333335
500,com.openreply.pam,user interface superb aside cute easy navigate,0.6444444444444445
501,com.openreply.pam,finally there pam app major loving app workout plan automatically updated app make easier workout itll nice there achievement popup badge share daily workout ig,0.2525
502,com.openreply.pam,way mean best workout app searching app like thank sooo pamela,0.34375
503,com.openreply.pam,excellent app sort fitness programme diet shopping list recipe easy follow continuously lid screen cooking ace love thanks pam,0.5333333333333333
504,com.openreply.pam,love help ambition lose weight,0.5
505,com.openreply.pam,amazing app,0.6000000000000001
506,com.openreply.pam,premium member app completely stopped working displaying persistent internal error help p terrific app change rating star issue addressed happy provide screenshots thank x p resolved fivestar rating thank fixing soon,0.225
507,com.openreply.pam,app truly amazing try yummy recipe clean ingredient directly add ingredient shopping list weekly meal plan founder pamela add new recipe workout plan included there blog lot information tip healthy lifestyle girl amazing job deserve,0.38383838383838387
508,com.openreply.pam,yes working thank,0.0
509,com.openreply.pam,im chinese living italy thanks responding appeared window say pam app downloaded kept trying wont work think android issue apparently nevermind follow ig yb im faithfully fan,0.08333333333333333
510,com.openreply.pam,great app,0.8
511,com.openreply.pam,good,0.7
512,com.openreply.pam,app useful bug bit annoying time click workout sais error occurred initializing youtube player hope way fix,-0.25
513,com.openreply.pam,better free app recipe free better option app,0.45
514,com.openreply.pam,amazing app love pamelas workout one keeping motivated fun working workout challanging feel great app workout delicious meal place happier,0.64
515,com.openreply.pam,love perfect,0.75
516,com.openreply.pam,sign start work wuuuuv u pam,0.0
517,com.openreply.pam,perfect app,1.0
518,com.openreply.pam,amazing,0.6000000000000001
519,com.openreply.pam,nice fitness app make easy stick precise workoutmeal plan designed love pastel color,0.4833333333333333
520,com.openreply.pam,thank pamela dennis,0.0
521,com.openreply.pam,best app,1.0
522,com.openreply.pam,perfect love big help cause ve got busy life save time search thing ve seen people didnt like payment month basically like getting starbucks costa coffee,0.4
523,com.openreply.pam,understandable love look,0.5
524,com.openreply.pam,great app workout eat great job thank,0.8
525,com.openreply.pam,love app update video dont play youtube error message uninstalled installed app change,0.5
526,com.openreply.pam,sooo easy navigate omg im happy free version premium right,0.4797619047619047
527,com.openreply.pam,wonderful app great picture showing cooking step,0.9
528,com.openreply.pam,pam equal quality,0.0
529,com.openreply.pam,amazing need recommendation better premium plan offer recipe meal limited increase fair way want pay money premium plan personally fine happy app,0.4908730158730159
530,com.openreply.pam,nice,0.6
531,com.openreply.pam,need improve,0.0
532,com.openreply.pam,love glad finally got app,0.3333333333333333
533,com.openreply.pam,worked thank started workout feel difference health cook book talented,0.7
534,com.openreply.pam,amazing app,0.6000000000000001
535,com.openreply.pam,bug buffering youtube workout video try fixing,0.0
536,com.openreply.pam,perfect period,1.0
537,com.openreply.pam,upd bug fixed thanks quick response recipe contain plenty ingredient want scroll step involved cooking process doesnt react finger touch scroll fast stop clicking screen stop reach clarify problem apps phone apart app convenient functional,0.20833333333333331
538,com.openreply.pam,love,0.5
539,com.openreply.pam,love luv u pam stop solution workout journey,0.5
540,com.openreply.pam,awsome,0.0
541,com.openreply.pam,loved good work pam,0.7
542,com.openreply.pam,aesthetically pleasing doesnt hurt eye waiting long def worth wait,0.125
543,com.openreply.pam,hi want use app loading im android user,0.0
544,com.openreply.pam,love,0.5
545,com.openreply.pam,great app asthetic easy navigate lot good recipe tip able add ingredient recipe shopping list convenient suggestion allow select workout plan instead forty-five min check day workout plan change celciusfahrenheit setting nice app,0.6066666666666667
546,com.openreply.pam,great app work,0.8
547,com.openreply.pam,great app open youtube video app say youtube app missing phonewhichvis help,0.20000000000000004
548,com.openreply.pam,like visual app understand fact paid app come price need profit business update premium member bit sad unfortunately deletring app free content maybe consider pay install good work team member,0.019999999999999997
549,com.openreply.pam,love appbut buy premium im teenage okay there unlocked,0.3333333333333333
550,com.openreply.pam,amazing totally worth easy use great content best apps,0.6266666666666667
551,com.openreply.pam,good,0.7
552,com.openreply.pam,loveeee,0.0
553,com.openreply.pam,amazing practical useful,0.45000000000000007
554,com.openreply.pam,nice app love feature price yearly subscription super fair,0.5333333333333333
555,com.openreply.pam,beautiful app great function android developer thanks pamela hard work,0.3895833333333333
556,com.openreply.pam,amazing,0.6000000000000001
557,com.openreply.pam,loving app workout amazing useful,0.5000000000000001
558,com.openreply.pam,love thanks pam creating place wan na workout week recipe love hope like checkbox workout day feel like sense achievement progressed week great app,0.36
559,com.openreply.pam,amazing mean pam amazing extra amazing app fun way keeping thing healthy happy,0.38593750000000004
560,com.openreply.pam,app super pretty love workout calendar option love checklist tick workout finished day thanks pam love workout,0.38055555555555554
561,com.openreply.pam,best fitness app seen omg purchase good design plan meal thats best thing thanks pamela reif,0.7250000000000001
562,com.openreply.pam,love,0.5
563,com.openreply.pam,absolutely love apppamela besti absthe recipe great tried chocolate pudding delicious deserves star,0.7666666666666666
564,com.openreply.pam,love app changing eating habit included workout program especially love workout strong mentally physically,0.48333333333333334
565,com.openreply.pam,great app recepies future nice addition measurement diary,0.4666666666666666
566,com.openreply.pam,great app there fault link youtube open workout video say need youtube missing youtube installed date key use app star resolved update star edit open workout workout tab inside workout plan edit thanks fixing quickly,0.1619047619047619
567,com.openreply.pam,app cool love pamelas workout especially like apps workout planning function better adding following thing seeing kcal burned workout plan possibility add different weekly plan pamela thing mention scrolling bothersome app especially recipe hard spot tap scrolling,0.13229166666666667
568,com.openreply.pam,thanks creating helpful app love able easily select plan workout want week super easy use navigate suggestion add ability select equipment needed workout video equipment booty band free weight,0.39999999999999997
569,com.openreply.pam,needed thanks alot pam,0.2
570,com.openreply.pam,best app,1.0
571,com.openreply.pam,love thank pam,0.5
572,com.openreply.pam,love ittt,0.5
573,com.openreply.pam,perfectly splendid,0.8333333333333334
574,com.openreply.pam,thats amazing im loving needed like start workout wait result,0.6000000000000001
575,com.openreply.pam,happy app,0.8
576,com.openreply.pam,love,0.5
577,com.openreply.pam,great app love easy navigate free feature fixed amazing customer service little glitch youtube workout play launch workout section plan section hope get sorted soon life easier,0.3779761904761905
578,com.openreply.pam,update bug reported got fixed day later impressed turnaround love app overall im unable play workout video plan tab key feature looking forward said play video youtube app installed phone hopefully fix bug soon,0.15714285714285717
579,com.openreply.pam,excited feature edit love love love app purchased grocery week meal plan stayed budget recipe easy follow dont require super crazy ingredient importantly delicious ive recipe enjoyed husband enjoying id star,0.4041666666666667
580,com.openreply.pam,pams workout plan instagram year excited app absolutely love pams weekly meal workout plan la carte recipe youtube workout video app intuitive user friendly visually appealing,0.4375
581,com.openreply.pam,omg amazing,0.6000000000000001
582,com.openreply.pam,love perfect finding new recipe easy follow love youre able add ingredient shopping list check wait cook,0.5116161616161615
583,com.openreply.pam,clean app need good job pamela,0.5333333333333333
584,com.openreply.pam,amazing,0.6000000000000001
585,com.openreply.pam,amazing,0.6000000000000001
586,com.openreply.pam,app wonderful effort love pamela app detailed easy use love create workout plan use shopping list list perfect premium version isnt expensive able afford,0.47916666666666663
587,com.openreply.pam,wonderful app like review option choose workout plan amazing thank impactful app place,0.8
588,com.openreply.pam,love app easy run look smooth best create workout plan additionally knowledge diet appreciated,0.5066666666666667
589,com.openreply.pam,excellent thank pam,1.0
590,com.openreply.pam,amazing,0.6000000000000001
591,com.openreply.pam,loved app,0.7
592,com.openreply.pam,aesthetically pleasing lot nice recipe adjust match number people youre cooking super helpful english translation looked native english speaker theyre little clunky place,0.14916666666666667
593,com.openreply.pam,hey pam app amazing love app easy navigate thank,0.5111111111111112
594,com.openreply.pam,amazing app highly functional visually pleasing recommendation improve great autoplay option workout playlist dont exit video click workout super fluid adding pams weekly workout plan fantastic great customize want switch slow routine deletingadding video option reording,0.3103703703703704
595,com.openreply.pam,love,0.5
596,com.openreply.pam,enjoy app thank effort hard work suggestion improvement nice total workout time workout plan basically summing selected video time,0.17708333333333331
597,com.openreply.pam,recipies great better shopping list include product,0.65
598,com.openreply.pam,ive waiting app finally awsome thank,0.0
599,com.openreply.pam,thank sooo pam amazing person wanted tysm pam app amazing,0.6000000000000001
600,com.openreply.pam,amazing thanks pam,0.4
601,com.openreply.pam,thoughtthrough lot love detail,0.5
602,com.openreply.pam,perfect app exercise healthy eating,0.75
603,com.openreply.pam,best app there ad workout great recipe simple healthy delicious definitely download app love pam,0.5428571428571428
604,com.openreply.pam,like app easy use paid membership fee year open recipe youtube workout video working,0.21666666666666667
605,com.openreply.pam,appreciate pam app useful information recipe workout video easy straightforward use thank app pamela xx,0.36944444444444446
606,com.openreply.pam,love overall app especially color,0.16666666666666666
607,com.openreply.pam,super easy use,0.3833333333333333
608,com.openreply.pam,love visuals simplistic aesthetic feature complicated easy handle overall fantastic app love owner little soo,0.08072916666666667
609,com.openreply.pam,ive waiting app happy rn,0.8
610,com.openreply.pam,better app think important easy usefully love,0.45833333333333337
611,com.openreply.pam,app aesthetic welldone recipe look delicious easy use,0.7166666666666667
612,com.openreply.pam,love app perfect,0.75
613,com.openreply.pam,love app ive following pamela reif instagram youtube basically app ask design light pink motivating easy use youll love premium member unlock feature download app,0.2888888888888889
614,com.openreply.pam,love app especially customize workoutsim pamelas big fansoi love app lot,0.25
615,com.openreply.pam,great work pam,0.8
616,com.openreply.pam,love,0.5
617,com.openreply.pam,love,0.5
618,com.openreply.pam,thank pam making app love,0.5
619,com.openreply.pam,love site thank pam,0.5
620,com.openreply.pam,looking app exactly like ive pamelas workout year got nice result great check workout day record,0.5499999999999999
621,com.openreply.pam,love,0.5
622,com.openreply.pam,best app eveeeer pamela reif,1.0
623,com.openreply.pam,loveeee app believe feature free amazing pam,0.5
624,com.openreply.pam,amazing app,0.6000000000000001
625,com.openreply.pam,amazing app,0.6000000000000001
626,com.openreply.pam,love,0.5
627,com.openreply.pam,easy beautiful color lot option,0.6416666666666666
628,com.openreply.pam,love love love thank,0.5
629,com.openreply.pam,good app super practical love app,0.5111111111111111
630,com.openreply.pam,perfect,1.0
631,com.openreply.pam,free option wonderful plenty option,0.7
632,com.openreply.pam,thousand d,0.0
633,com.openreply.pam,love super cool lot recipe perfect love pamela,0.5366666666666666
634,com.openreply.pam,wonderful experience amazing,0.8
635,com.openreply.pam,amazing app,0.6000000000000001
636,com.openreply.pam,best app im happy pamela android shes best love,0.825
637,com.openreply.pam,paaaam love girl waiting love app colour visual feature recipe write ups luv anymore happy,0.45
638,com.openreply.pam,thank pam,0.0
639,com.openreply.pam,love pamela wish like ill grow,0.0
640,com.openreply.pam,love,0.5
641,com.openreply.pam,love thisssss,0.5
642,com.openreply.pam,thank putting effort app spending time love app,0.5
643,com.openreply.pam,waaaaaaah finally didnt open know beautiful easy acces app btw philippine,0.3208333333333333
644,com.openreply.pam,love u pam,0.5
645,com.openreply.pam,amazing,0.6000000000000001
646,com.openreply.pam,best app,1.0
647,com.openreply.pam,amazing person application omg easy navigate design absolutely perfect beautiful guurrll rock,0.7208333333333333
648,com.openreply.pam,app amazing recommend everybody want fit eat healthy thank pamela effort hard work,0.3020833333333333
649,com.openreply.pam,love paaaaam thank effort work im excited happy deserve best,0.66875
650,com.openreply.pam,love mix match video schedule im excited recipe,0.4375
651,com.openreply.pam,awesome app love thank pamela reif,0.75
652,com.openreply.pam,pamela definitely favourite fitness influencers youtube im glad released app lot,0.25
653,com.openreply.pam,love app fact free version alr sm good stuff pam nice providing free workout workout plan clean food brand app love u pam,0.49523809523809526
654,com.openreply.pam,app package healthy lifestyle food knowledge section blow mind read pams recipe healthy delicious pams recipe half year addicted definitely highly recommended app want start healthy lifestyle,0.29904761904761895
655,com.openreply.pam,brilliant app design pleasing love friendly feel amazed work pam dennis recipe mouthwatering convenient adjust portion add ingredient shopping list finally wont resort screenshot instagram check workout plan morning premium membership reasonable thank fantastic development pam dennis,0.3958333333333333
656,com.openreply.pam,ive waiting long im happy finnaaalllyyyyy,0.375
657,com.openreply.pam,edit fivestars wish extra star quick response fix original review welldesigned ui great selection free content video play huge apps functionality value error directs install youtube black screen error app hopefully pams team fix beautiful app,0.37395833333333334
658,com.openreply.pam,app good pam best premium version love free resource setup recipies blog step recipies amazing love pam ur fam amazing,0.6142857142857144
659,com.openreply.pam,waiting,0.0
660,com.openreply.pam,love,0.5
661,com.openreply.pam,best thing love app knowing pamela think food life like god healthy live happy life weakness cause bad food bad habit blog section love pamela,0.25454545454545463
662,com.openreply.pam,love layout pretty proud u love u pam,0.5125
663,com.openreply.pam,great easy use,0.6166666666666667
664,com.openreply.pam,love,0.5
665,com.openreply.pam,perfect love,0.75
666,com.openreply.pam,love absolutely amazing app blog helpful having workout meal plan follow awesome app amazing feature wish money subscribe trust awesome pamela thank,0.74
667,com.openreply.pam,amazing,0.6000000000000001
668,com.openreply.pam,excellent job,1.0
669,com.openreply.pam,best app ive,1.0
670,com.openreply.pam,loved setting sadly im broke afford buy locked feature,0.09999999999999998
671,com.openreply.pam,amazing app love bit sad recently bought cookbook pay want experience app amazing way solve thismaybe provide proof payment cookbook code activate recepies app great shopping list quantity needed recepies perfect thank pam,0.42857142857142855
672,com.openreply.pam,incredible,0.9
673,com.openreply.pam,genius idea love pam great thing meal plan work plan overall way bring health beginner,0.43333333333333335
674,com.openreply.pam,pamela passionate person know app,-0.05
675,com.openreply.pam,absolutely loved,0.7
676,com.openreply.pam,amazing app healthy recipe giving great motivation active positive lifestyle love workout,0.41565656565656567
677,com.openreply.pam,love app soo,0.5
678,com.openreply.pam,love pam creates,0.5
679,com.openreply.pam,app amazing notice bug google pixel threeaxl looking recipe scroll ingredient page room ingredient section applies nutrition dietary info,0.6000000000000001
680,com.openreply.pam,im impressed wow there missing thoughtthrough love,0.35000000000000003
681,com.openreply.pam,"love easy use great tip plus recipe clean healthy tasty thats better thousand , definitely recommend p s thank pam",0.4428571428571429
682,com.openreply.pam,wonderful app pamelas workout place bunch delicious recipe start plan great app,0.9333333333333332
683,com.openreply.pam,perfect,1.0
684,com.openreply.pam,love app recipe wise functional right wish recipe arent bowl way bowl breakfast favourite like pancake waffle egg easy weeknight dinner guess want eat salad bowl salad smoothie bowl perfect add option filter recipe saved recipe nice input recipe app,0.5865079365079365
685,com.openreply.pam,impressed free app pam awesome,0.7999999999999999
686,com.openreply.pam,finally pam appcant wait beckme healthier,0.0
687,com.openreply.pam,love need download,0.5
688,com.openreply.pam,beautifully designed complete accessible functional free version lot useful content premium absolutely worth looking forward new content come,0.35162337662337656
689,com.openreply.pam,pam life survivor gained covidnineteen locked depressed started follow workout video youtube week lost unbelievable true workout video meal plan app yaaay,0.04999999999999999
690,com.openreply.pam,love pamela best,0.75
691,com.openreply.pam,love pam,0.5
692,com.openreply.pam,love app,0.5
693,com.openreply.pam,easy use amazing recipe recipe pay im young pay,0.3777777777777778
694,com.openreply.pam,love thank,0.5
695,com.openreply.pam,incredible,0.9
696,com.openreply.pam,w sehr sch n wenn man bei der android version auch den einstellungen die sprache umstellen k nnte aber ansonsten liebe ich die app,0.0
697,com.openreply.pam,best app aesthetic simple use detailed receipes amazing,0.5
698,com.openreply.pam,app good effort people app immaculate,0.7
699,com.openreply.pam,beautifully designed im excited app im love recipe powerful body powerful mind thank pam,0.46499999999999997
700,com.openreply.pam,best app track health food fitness experience app thought know worked hard right im loving app,0.39851190476190473
701,com.openreply.pam,great app need healthy lifestyle,0.65
702,com.openreply.pam,unfortunately possible play video error connecting service,0.0
703,com.openreply.pam,pam dennis pay attention smallest detail time didnt disappoint aesthetically pleasing app beautifully contains lot thorough knowledge personal useful insight change outlook food plus easy use proud wait cooking,0.4766666666666667
704,com.openreply.pam,think app amazing working pam giving star expecting workout plan workout section nice choose plan video automatically saved schedule like instagram love blog section,0.5666666666666668
705,com.openreply.pam,userfriendly smooth nice recipe workout place,0.5
706,com.openreply.pam,awesame like herselflove,0.0
707,com.openreply.pam,good designed definitely recommend,0.35
708,com.openreply.pam,app actually phone incredible feature meal plan workout plan workout fave shopping list finally app need beautiful uncluttered layout,0.4375
709,com.openreply.pam,,0.0
710,com.openreply.pam,app literally best literally create workout plan literally immaculate pamela literally put lot effort app worth im love app word cause perfect lol love love pam xx,0.6571428571428571
711,com.openreply.pam,app awesome affordable looking forward cook recipe shopping list useful feature pam amazing,0.6333333333333334
712,com.openreply.pam,amazing app,0.6000000000000001
713,com.openreply.pam,love apppamwill app,0.5
714,com.openreply.pam,need check app star rating pam absolute best kind hard working spirit thank,0.37708333333333327
715,com.openreply.pam,amazing content healthiest lifestyle,0.6000000000000001
716,com.openreply.pam,love pamela app perfectly thought t brilliant,0.7999999999999999
717,com.openreply.pam,love pam,0.5
718,com.openreply.pam,amaaaazing,0.0
719,com.openreply.pam,pamela reifs workout helped gaining weight huge problem pam make workout easy ive started gaining muscle body definitely getting shape ive following workout plan posted instagram story saving playlist youtube headache app make easier love thanks pam definitely recommend,0.21904761904761907
720,com.openreply.pam,amazing app tip trick food fitness happy thankyou pam,0.7000000000000001
721,com.openreply.pam,awesome,1.0
722,com.openreply.pam,app helpful,0.0
723,com.openreply.pam,best app thank pamela,1.0
724,com.openreply.pam,fun smooth love think life easier eat healthy thanks pam,0.38
725,com.openreply.pam,ohh easy use contains lot great function visible pam heart highly recommend,0.46444444444444444
726,com.openreply.pam,absolutely amazing star amazing content easy use great topic star vegan option great job pam xx,0.6466666666666667
727,com.openreply.pam,worder app like pamela quality true hard work pay,0.029166666666666646
728,com.openreply.pam,waiting app good interface user friendly great app workout meal plan track thank pamela dennis,0.625
729,com.openreply.pam,absolutely amazing app think meal planning blog fitness addicted app,0.10000000000000003
730,com.openreply.pam,love amazing word,0.55
731,com.openreply.pam,need app lovee,0.0
732,com.openreply.pam,absolutely amazing everthing worked expected,0.25000000000000006
733,com.openreply.pam,great appso thoughtso practical easy,0.6166666666666667
734,com.openreply.pam,easy access pam book program great thank pamela,0.6166666666666667
735,com.openreply.pam,key healthy happy life thank pamela making better version,0.45
736,com.openreply.pam,love app beautifully designed easy use,0.5944444444444444
737,com.openreply.pam,fall love rhis apps sight thank pam,0.5
738,com.openreply.pam,love app,0.5
739,com.openreply.pam,great app,0.8
740,com.openreply.pam,amazing app waiting long honestly best apps seen informative great recipe course amazing workout plan,0.5900000000000001
741,com.openreply.pam,best app,1.0
742,com.openreply.pam,einfach wunderbar danke pamela,0.0
743,com.openreply.pam,t amazing mean pamela amazing workout killer youll amazing result yeah app damn good helpful love,0.4479166666666667
744,com.openreply.pam,app needed love pam,0.5
745,com.openreply.pam,loved good far thanks pam best,0.54
746,com.openreply.pam,loveeee,0.0
747,com.openreply.pam,app fabulous,0.4
748,com.openreply.pam,love pamela,0.5
749,com.openreply.pam,amazing thats,0.6000000000000001
750,com.openreply.pam,amazing,0.6000000000000001
751,com.openreply.pam,amazingive waiting month finally hereyou choose metric recipe yayyythe free app lot recipe course workoutsshopping list great feature add automatically recipesit lot tip pamela blog sectionits awesome,0.55
752,com.openreply.pam,pam trainer thanks amazing app,0.4
753,com.openreply.pam,amazing x pam u love amazing ive signed year im sticking xx,0.5666666666666668
754,com.openreply.pam,absolutely amazing,0.6000000000000001
755,com.openreply.pam,good love,0.6
756,com.openreply.pam,totally love app,0.5
757,com.openreply.pam,love far great personal measurement fitness progress share friend,0.35
758,com.openreply.pam,far awesome thing suggest adding add ingredient need shopping list add portion recipe shopping list tell need carrot instead im excited app,0.4916666666666667
759,com.openreply.pam,love,0.5
760,com.openreply.pam,absolutely love,0.5
761,com.openreply.pam,app look clean easy navigate love meal suggestion nice algorithm calculates quantity product buy meal selected seven portion chocolate porridge want seven morning week uber useful know standard quantity buy week,0.36666666666666664
762,com.openreply.pam,best useful app phone right wait use daily routine,0.39642857142857146
763,com.openreply.pam,amazing downloaded app like plan blog everythingcant wait try recipe congratulation pam thank love youu,0.55
764,com.openreply.pam,love app awaited app thankyou pamela app,0.5
765,com.openreply.pam,love app,0.5
766,com.openreply.pam,love,0.5
767,com.openreply.pam,looooove muchive waiting week finally got gift pamela reif,0.0
768,com.openreply.pam,amazing,0.6000000000000001
769,com.openreply.pam,love app thanks pam,0.35
770,com.openreply.pam,ive waiting long launch finally im love app far thankyou pam xx,0.18333333333333335
771,com.openreply.pam,amazing,0.6000000000000001
772,com.openreply.pam,soooo cool u create workout plan meal plan premium price totally okay love,0.45
773,com.openreply.pam,wow finally,0.05
774,com.openreply.pam,app wanted start eating healthy knew cook ingredient use recipe look delicious wait try app life lot easier,0.75
775,com.openreply.pam,whoa finally d,0.0
776,com.openreply.pam,amazing thank pamela reif,0.6000000000000001
777,com.openreply.pam,omg awesome,1.0
778,com.openreply.pam,super user friendly visually nice thousand,0.43611111111111106
779,com.openreply.pam,love app extremely easy use ordinary health app proud pam dennis work like application workout food knowledge amazing recipe,0.4166666666666667
780,com.openreply.pam,perfeeeeect,0.0
781,com.openreply.pam,love app,0.5
782,com.openreply.pam,try open doesnt work,0.0
783,com.openreply.pam,absolutely loved app structure app design content beautiful,0.7749999999999999
784,com.openreply.pam,best,1.0
785,com.openreply.pam,love app fact workout free love pam,0.4666666666666666
786,com.openreply.pam,leider st rzt die app st ndig ab besonders dann wenn ich die volle app kaufen,0.0
787,com.openreply.pam,amazing,0.6000000000000001
788,com.openreply.pam,thank pam,0.0
789,com.openreply.pam,love app delicious food best excercise helped year continuing,0.8333333333333334
790,com.openreply.pam,love app thank pamela,0.5
791,com.openreply.pam,design gorgeous,0.7
792,com.openreply.pam,great app lot information thing use plan healthy lifestyle thanks pam,0.5
793,com.openreply.pam,love app far instantly got premium member ship wait design workout plan meal plan,0.19999999999999998
794,com.openreply.pam,highlight pamela amazing,0.6000000000000001
795,com.openreply.pam,lovely use nice complement pams youtube ig content,0.55
796,com.openreply.pam,waiting app long time thank pamela creating beautiful amazing application,0.4666666666666666
797,com.openreply.pam,,0.0
798,com.openreply.pam,love pam know id love app,0.5
799,com.openreply.pam,waiting app look amazing great tool organize eating sport routine,0.7000000000000001
800,com.openreply.pam,love love love pam app needed,0.5
801,com.openreply.pam,pam youre angel creating credit dennis,0.0
802,com.openreply.pam,great app love u pamela,0.65
803,com.openreply.pam,best app ive seen helpful thanx pam,1.0
804,com.openreply.pam,app damn perfect,1.0
805,com.openreply.pam,perfect,1.0
806,com.openreply.pam,love app love pam,0.5
807,com.openreply.pam,exactly aesthetic good app mind gon na perfect companion cooking need managed healthy lifestyle tqsm pamela,0.6125
808,com.openreply.pam,love pam,0.5
809,com.openreply.pam,im sooo love,0.5
810,com.openreply.pam,love itpamela,0.5
811,com.openreply.pam,loving,0.6
812,com.openreply.pam,best app istg need pam genius,1.0
813,com.openreply.pam,love pam,0.5
814,com.openreply.pam,absolutely love love love app designed waiting long long time finally phone pamela fail disappoint show passion thanks ton,0.13749999999999998
815,com.openreply.pam,simply amazing pam love thank helping live healthy life,0.4340909090909091
816,com.openreply.pam,love app pamela thank taking time,0.5
817,com.openreply.pam,love pam fan forever amazing app,0.55
818,com.openreply.pam,im overseas working asian recommend app asian wan na learn western fitness dish simple clean interface easily follow recipe clear measurement based people food im gon na prepare got ta shopping list talented dont habit making grocery list forget thank pam creating app,0.15555555555555556
819,com.openreply.pam,waiting exited try feature love love design good feature free plan premium plan definitely advantage,0.42000000000000004
820,com.openreply.pam,love app thnak pamela continuing help fitness journey app good problem screen freeze read blog post click button unfreeze hope fix soon aside app literally perfection,0.6
821,com.openreply.pam,waiting long time,-0.05
822,com.openreply.pam,love create workout plan recipe thanks pam team app easy use expect workout app,0.37777777777777777
823,com.openreply.pam,sooo beautiful user friendly amazing recipe,0.6083333333333334
824,com.openreply.pam,live work wait try thank pam,0.13636363636363635
825,com.openreply.pam,absolutely love missing life way pam,0.15
826,com.openreply.pam,pam app great,0.8
827,com.openreply.pam,love app pam,0.5
828,com.openreply.pam,need regard fitness single app,-0.07142857142857142
829,com.openreply.pam,love lovelove designed passion creating app care detail search inspiration healthier lifestyle download better subscribe premium membership wait try recipe,0.5
830,com.openreply.pam,honestly amazing tried subscribe say there problem bank account contacted said there wrong idk,0.050000000000000044
831,com.openreply.pam,amazing app,0.6000000000000001
832,com.openreply.pam,look incredible sight going premium membership,0.9
833,com.openreply.pam,believe finally available,0.4
834,com.openreply.pam,awesome content beautiful intuitive design useful functionality love,0.6625
