,Package name,Review,Polarity
0,com.strongware.stronglogs,purchased subscription access advertised programsthere isnt program initial one available straight lied ill cancelling subscription,0.025000000000000022
1,com.strongware.stronglogs,incredible month ka subscription rakho ka,0.9
2,com.strongware.stronglogs,add program,0.0
3,com.strongware.stronglogs,amazing like,0.6000000000000001
4,com.strongware.stronglogs,app great good program start rep max program calculate working weight premium,0.75
5,com.strongware.stronglogs,pretend free asks membership download dont want pay,0.4
6,com.strongware.stronglogs,use everyday ask better strength training app thank,0.15
