,Package name,Review,Polarity
0,de.wger.flutter,clicked register account website directed tried log app verified email got error formatexception unexpected character character,0.1
1,de.wger.flutter,good start need major work,0.38125
2,de.wger.flutter,issue standardimperial input nice app setting unit preference account creation help unit updated bmi remains metric,0.6
3,de.wger.flutter,isnt working give handshakeexception handshake error client o error certificateverifyfailed certificate expiredhandshakeccthree fifty-nine error,0.0
4,de.wger.flutter,dark theme eye burning,-0.15
5,de.wger.flutter,like app strongly encourage developer working,0.4333333333333333
6,de.wger.flutter,app good think need add example able view list workout app muscle groupequipment like website,0.6
7,de.wger.flutter,klasse app um sich seinen optimalen trainingsplan zu erstellen nur zu empfehlen,0.0
