,Package name,Review,Polarity
0,com.welzen.fasten,android got woops tried create account disappointing,"{'neg': 0.311, 'neu': 0.485, 'pos': 0.204, 'compound': -0.2732}"
1,com.welzen.fasten,happened changed server log anymore,"{'neg': 0.0, 'neu': 1.0, 'pos': 0.0, 'compound': 0.0}"
2,com.welzen.fasten,keep coming whoop error occurred try,"{'neg': 0.351, 'neu': 0.649, 'pos': 0.0, 'compound': -0.4019}"
3,com.welzen.fasten,register im android,"{'neg': 0.0, 'neu': 1.0, 'pos': 0.0, 'compound': 0.0}"
4,com.welzen.fasten,great app technical issue people having rate poorly think problem personally small handful apps actually download highly recommend,"{'neg': 0.11, 'neu': 0.61, 'pos': 0.28, 'compound': 0.6361}"
5,com.welzen.fasten,app good request additional feature auto calculator calorie burned based bmi,"{'neg': 0.0, 'neu': 0.775, 'pos': 0.225, 'compound': 0.4404}"
6,com.welzen.fasten,need updating potentially best fasting app day remembers measurement unit populates data welzen apps star sure,"{'neg': 0.0, 'neu': 0.683, 'pos': 0.317, 'compound': 0.7579}"
7,com.welzen.fasten,tech issue stopped experience start,"{'neg': 0.322, 'neu': 0.678, 'pos': 0.0, 'compound': -0.2263}"
8,com.welzen.fasten,paid logged access premium feature getting whoopsie emailed received answerover week disappointed terrible customer service like,"{'neg': 0.286, 'neu': 0.599, 'pos': 0.115, 'compound': -0.5719}"
9,com.welzen.fasten,tried day trail payment setup thirteen use premium cancelled app day check card n took money plus sent email support team answer cancelled im pissed n im trying figure refund,"{'neg': 0.222, 'neu': 0.705, 'pos': 0.073, 'compound': -0.6705}"
10,com.welzen.fasten,love subscribed unlocked tried uninstalling reinstalling doesnt work tried writing,"{'neg': 0.0, 'neu': 0.682, 'pos': 0.318, 'compound': 0.6369}"
11,com.welzen.fasten,star actually use premium feature paid ive submitted ticket ask fix problem luck week,"{'neg': 0.153, 'neu': 0.678, 'pos': 0.169, 'compound': 0.0772}"
12,com.welzen.fasten,paid premium error notification work restart phone stop,"{'neg': 0.45, 'neu': 0.55, 'pos': 0.0, 'compound': -0.5994}"
13,com.welzen.fasten,star right tried premium keep saying woopsie went wrong check subscription google play say use premium thing get resolved ill change review hate delete giving try update review response review emailed yall twice gotten response im emailing app stink,"{'neg': 0.242, 'neu': 0.63, 'pos': 0.128, 'compound': -0.7783}"
14,com.welzen.fasten,paid got whoop wrong unlocked tried register support page impossible say registered email password alternate contact detail realises issue contact bad app support horrible,"{'neg': 0.293, 'neu': 0.551, 'pos': 0.157, 'compound': -0.6908}"
15,com.welzen.fasten,im unable premium feature keep saying oops paid subscription working trouble shooting week,"{'neg': 0.184, 'neu': 0.816, 'pos': 0.0, 'compound': -0.4019}"
16,com.welzen.fasten,tried twice subscribe kept saying woopsie went wrong google account ready charge fee day said subscription active cancelled subscription looking,"{'neg': 0.194, 'neu': 0.608, 'pos': 0.198, 'compound': 0.0258}"
17,com.welzen.fasten,like app love theme make fasting lil enjoyable dont like idea paying ninety-nine forced joing website think ninety-nine pricey highly recommend having option join apps thats wanted user offered smaller rate use fasting app extended fast think unfair premium user twenty-three hour,"{'neg': 0.145, 'neu': 0.599, 'pos': 0.257, 'compound': 0.7494}"
18,com.welzen.fasten,best fasting tracker simple interface easy track usual sixty-eight intermittent fasting,"{'neg': 0.0, 'neu': 0.559, 'pos': 0.441, 'compound': 0.7964}"
19,com.welzen.fasten,create account keep saying woopsie went wrong uninstalling stick app use,"{'neg': 0.218, 'neu': 0.634, 'pos': 0.148, 'compound': -0.25}"
20,com.welzen.fasten,perfect fasting tracker app definitely best tried use everyday,"{'neg': 0.0, 'neu': 0.361, 'pos': 0.639, 'compound': 0.891}"
21,com.welzen.fasten,ok app wont enjoy paid version,"{'neg': 0.298, 'neu': 0.453, 'pos': 0.249, 'compound': -0.1098}"
22,com.welzen.fasten,like app able edit fast youre forgetful like rarely remember hit stopstart correct time fix spelling completed congratulation message end fast driving bonkers ta x,"{'neg': 0.066, 'neu': 0.656, 'pos': 0.278, 'compound': 0.7783}"
23,com.welzen.fasten,pay app trail version misleading stated,"{'neg': 0.506, 'neu': 0.494, 'pos': 0.0, 'compound': -0.4767}"
24,com.welzen.fasten,amazing app thank app easies sexiest way track intermittent fasting,"{'neg': 0.0, 'neu': 0.559, 'pos': 0.441, 'compound': 0.743}"
25,com.welzen.fasten,limited day,"{'neg': 0.655, 'neu': 0.345, 'pos': 0.0, 'compound': -0.2263}"
26,com.welzen.fasten,better option hour clock change fast start time forget click start fasting time realize min ive fasting,"{'neg': 0.096, 'neu': 0.758, 'pos': 0.146, 'compound': 0.25}"
27,com.welzen.fasten,forgot password went reset told reset log apps,"{'neg': 0.0, 'neu': 1.0, 'pos': 0.0, 'compound': 0.0}"
28,com.welzen.fasten,enable twelvehrs clock hate twenty-fourhrs clockotherwise app cool,"{'neg': 0.308, 'neu': 0.5, 'pos': 0.192, 'compound': -0.34}"
29,com.welzen.fasten,want create account,"{'neg': 0.0, 'neu': 0.227, 'pos': 0.773, 'compound': 0.34}"
30,com.welzen.fasten,app pretty ive uninstall reinstall time keep resetting countdown timer,"{'neg': 0.0, 'neu': 0.738, 'pos': 0.262, 'compound': 0.4939}"
31,com.welzen.fasten,wont allow forty-eight hour,"{'neg': 0.357, 'neu': 0.643, 'pos': 0.0, 'compound': -0.1695}"
32,com.welzen.fasten,good easy use love adjust fast time unlike apps thing missing weight loss logchart perfect,"{'neg': 0.165, 'neu': 0.331, 'pos': 0.504, 'compound': 0.8807}"
