,Package name,Review,Polarity
0,de.wger.flutter,clicked register account website directed tried log app verified email got error formatexception unexpected character character,"{'neg': 0.153, 'neu': 0.847, 'pos': 0.0, 'compound': -0.4019}"
1,de.wger.flutter,good start need major work,"{'neg': 0.0, 'neu': 0.58, 'pos': 0.42, 'compound': 0.4404}"
2,de.wger.flutter,issue standardimperial input nice app setting unit preference account creation help unit updated bmi remains metric,"{'neg': 0.0, 'neu': 0.631, 'pos': 0.369, 'compound': 0.765}"
3,de.wger.flutter,isnt working give handshakeexception handshake error client o error certificateverifyfailed certificate expiredhandshakeccthree fifty-nine error,"{'neg': 0.424, 'neu': 0.576, 'pos': 0.0, 'compound': -0.7964}"
4,de.wger.flutter,dark theme eye burning,"{'neg': 0.0, 'neu': 1.0, 'pos': 0.0, 'compound': 0.0}"
5,de.wger.flutter,like app strongly encourage developer working,"{'neg': 0.0, 'neu': 0.275, 'pos': 0.725, 'compound': 0.7845}"
6,de.wger.flutter,app good think need add example able view list workout app muscle groupequipment like website,"{'neg': 0.0, 'neu': 0.707, 'pos': 0.293, 'compound': 0.6597}"
7,de.wger.flutter,klasse app um sich seinen optimalen trainingsplan zu erstellen nur zu empfehlen,"{'neg': 0.0, 'neu': 1.0, 'pos': 0.0, 'compound': 0.0}"
