,Package name,Review,Polarity
0,com.strongware.stronglogs,purchased subscription access advertised programsthere isnt program initial one available straight lied ill cancelling subscription,"{'neg': 0.358, 'neu': 0.547, 'pos': 0.095, 'compound': -0.6486}"
1,com.strongware.stronglogs,incredible month ka subscription rakho ka,"{'neg': 0.0, 'neu': 1.0, 'pos': 0.0, 'compound': 0.0}"
2,com.strongware.stronglogs,add program,"{'neg': 0.0, 'neu': 1.0, 'pos': 0.0, 'compound': 0.0}"
3,com.strongware.stronglogs,amazing like,"{'neg': 0.0, 'neu': 0.0, 'pos': 1.0, 'compound': 0.743}"
4,com.strongware.stronglogs,app great good program start rep max program calculate working weight premium,"{'neg': 0.0, 'neu': 0.588, 'pos': 0.412, 'compound': 0.7906}"
5,com.strongware.stronglogs,pretend free asks membership download dont want pay,"{'neg': 0.234, 'neu': 0.357, 'pos': 0.41, 'compound': 0.4541}"
6,com.strongware.stronglogs,use everyday ask better strength training app thank,"{'neg': 0.0, 'neu': 0.368, 'pos': 0.632, 'compound': 0.8225}"
